keyword,intent,country_relevance,notes
kerala tour packages,commercial,IN;US;UK;AU;AE;SA,"[P2] Kerala | destination + origin/duration/theme combos are underserved vs generic ""kerala tour packages""; monsoon-ayurveda… | no public volume; included on intent/competition logic"
kerala holiday packages,commercial,IN;US;UK;AU;AE;SA,"[P2] Kerala | destination + origin/duration/theme combos are underserved vs generic ""kerala tour packages""; monsoon-ayurveda… | no public volume; included on intent/competition logic"
kerala trip packages,commercial,IN;US;UK;AU;AE;SA,"[P2] Kerala | destination + origin/duration/theme combos are underserved vs generic ""kerala tour packages""; monsoon-ayurveda… | no public volume; included on intent/competition logic"
best kerala tour packages,commercial,IN;US;UK;AU;AE;SA,"[P1] Kerala | destination + origin/duration/theme combos are underserved vs generic ""kerala tour packages""; monsoon-ayurveda… | no public volume; included on intent/competition logic"
kerala tour packages for family,commercial,IN;US;UK;AU;AE;SA,"[P1] Kerala | destination + origin/duration/theme combos are underserved vs generic ""kerala tour packages""; monsoon-ayurveda… | no public volume; included on intent/competition logic"
kerala tour packages for couple,commercial,IN;US;UK;AU;AE;SA,"[P1] Kerala | destination + origin/duration/theme combos are underserved vs generic ""kerala tour packages""; monsoon-ayurveda… | no public volume; included on intent/competition logic"
kerala honeymoon packages,commercial,IN;US;UK;AU;AE;SA,"[P2] Kerala | destination + origin/duration/theme combos are underserved vs generic ""kerala tour packages""; monsoon-ayurveda… | no public volume; included on intent/competition logic"
kerala tour packages price,commercial,IN;US;UK;AU;AE;SA,"[P1] Kerala | destination + origin/duration/theme combos are underserved vs generic ""kerala tour packages""; monsoon-ayurveda… | no public volume; included on intent/competition logic"
kerala tour package cost per person,commercial,IN;US;UK;AU;AE;SA,"[P1] Kerala | destination + origin/duration/theme combos are underserved vs generic ""kerala tour packages""; monsoon-ayurveda… | no public volume; included on intent/competition logic"
kerala 4 days tour package,commercial,IN;US;UK;AU;AE;SA,"[P1] Kerala | destination + origin/duration/theme combos are underserved vs generic ""kerala tour packages""; monsoon-ayurveda… | no public volume; included on intent/competition logic"
kerala 5 days tour package,commercial,IN;US;UK;AU;AE;SA,"[P1] Kerala | destination + origin/duration/theme combos are underserved vs generic ""kerala tour packages""; monsoon-ayurveda… | no public volume; included on intent/competition logic"
kerala 6 days tour package,commercial,IN;US;UK;AU;AE;SA,"[P1] Kerala | destination + origin/duration/theme combos are underserved vs generic ""kerala tour packages""; monsoon-ayurveda… | no public volume; included on intent/competition logic"
kerala 7 days tour package,commercial,IN;US;UK;AU;AE;SA,"[P1] Kerala | destination + origin/duration/theme combos are underserved vs generic ""kerala tour packages""; monsoon-ayurveda… | no public volume; included on intent/competition logic"
kerala tour packages from delhi,commercial,IN;US;UK;AU;AE;SA,"[P1] Kerala | destination + origin/duration/theme combos are underserved vs generic ""kerala tour packages""; monsoon-ayurveda… | no public volume; included on intent/competition logic"
kerala tour packages from mumbai,commercial,IN;US;UK;AU;AE;SA,"[P1] Kerala | destination + origin/duration/theme combos are underserved vs generic ""kerala tour packages""; monsoon-ayurveda… | no public volume; included on intent/competition logic"
kerala tour packages from bangalore,commercial,IN;US;UK;AU;AE;SA,"[P1] Kerala | destination + origin/duration/theme combos are underserved vs generic ""kerala tour packages""; monsoon-ayurveda… | no public volume; included on intent/competition logic"
kerala tour packages from hyderabad,commercial,IN;US;UK;AU;AE;SA,"[P1] Kerala | destination + origin/duration/theme combos are underserved vs generic ""kerala tour packages""; monsoon-ayurveda… | no public volume; included on intent/competition logic"
kerala tour packages from chennai,commercial,IN;US;UK;AU;AE;SA,"[P1] Kerala | destination + origin/duration/theme combos are underserved vs generic ""kerala tour packages""; monsoon-ayurveda… | no public volume; included on intent/competition logic"
kerala tour packages from kolkata,commercial,IN;US;UK;AU;AE;SA,"[P1] Kerala | destination + origin/duration/theme combos are underserved vs generic ""kerala tour packages""; monsoon-ayurveda… | no public volume; included on intent/competition logic"
kerala tour packages from pune,commercial,IN;US;UK;AU;AE;SA,"[P1] Kerala | destination + origin/duration/theme combos are underserved vs generic ""kerala tour packages""; monsoon-ayurveda… | no public volume; included on intent/competition logic"
kerala tour packages from ahmedabad,commercial,IN;US;UK;AU;AE;SA,"[P1] Kerala | destination + origin/duration/theme combos are underserved vs generic ""kerala tour packages""; monsoon-ayurveda… | no public volume; included on intent/competition logic"
kochi munnar alleppey tour package,commercial,IN;US;UK;AU;AE;SA,"[P1] Kerala | destination + origin/duration/theme combos are underserved vs generic ""kerala tour packages""; monsoon-ayurveda… | no public volume; included on intent/competition logic"
kochi munnar thekkady alleppey package,commercial,IN;US;UK;AU;AE;SA,"[P1] Kerala | destination + origin/duration/theme combos are underserved vs generic ""kerala tour packages""; monsoon-ayurveda… | no public volume; included on intent/competition logic"
kerala backwater tour package,commercial,IN;US;UK;AU;AE;SA,"[P1] Kerala | destination + origin/duration/theme combos are underserved vs generic ""kerala tour packages""; monsoon-ayurveda… | no public volume; included on intent/competition logic"
alleppey houseboat package,transactional,IN;US;UK;AU;AE;SA,"[P1] Kerala | destination + origin/duration/theme combos are underserved vs generic ""kerala tour packages""; monsoon-ayurveda… | no public volume; included on intent/competition logic"
alleppey houseboat package cost,commercial,IN;US;UK;AU;AE;SA,"[P1] Kerala | destination + origin/duration/theme combos are underserved vs generic ""kerala tour packages""; monsoon-ayurveda… | no public volume; included on intent/competition logic"
alleppey houseboat online booking,transactional,IN;US;UK;AU;AE;SA,"[P1] Kerala | destination + origin/duration/theme combos are underserved vs generic ""kerala tour packages""; monsoon-ayurveda… | no public volume; included on intent/competition logic"
kerala houseboat package for couple,commercial,IN;US;UK;AU;AE;SA,"[P1] Kerala | destination + origin/duration/theme combos are underserved vs generic ""kerala tour packages""; monsoon-ayurveda… | no public volume; included on intent/competition logic"
private houseboat kerala package,commercial,IN;US;UK;AU;AE;SA,"[P1] Kerala | destination + origin/duration/theme combos are underserved vs generic ""kerala tour packages""; monsoon-ayurveda… | no public volume; included on intent/competition logic"
1 bedroom houseboat alleppey price,commercial,IN;US;UK;AU;AE;SA,"[P1] Kerala | destination + origin/duration/theme combos are underserved vs generic ""kerala tour packages""; monsoon-ayurveda… | no public volume; included on intent/competition logic"
2 bedroom houseboat alleppey price,commercial,IN;US;UK;AU;AE;SA,"[P1] Kerala | destination + origin/duration/theme combos are underserved vs generic ""kerala tour packages""; monsoon-ayurveda… | no public volume; included on intent/competition logic"
alleppey houseboat package for family,commercial,IN;US;UK;AU;AE;SA,"[P1] Kerala | destination + origin/duration/theme combos are underserved vs generic ""kerala tour packages""; monsoon-ayurveda… | no public volume; included on intent/competition logic"
kumarakom houseboat package,commercial,IN;US;UK;AU;AE;SA,"[P2] Kerala | destination + origin/duration/theme combos are underserved vs generic ""kerala tour packages""; monsoon-ayurveda… | no public volume; included on intent/competition logic"
kerala ayurveda packages,commercial,IN;US;UK;AU;AE;SA,"[P2] Kerala | destination + origin/duration/theme combos are underserved vs generic ""kerala tour packages""; monsoon-ayurveda… | no public volume; included on intent/competition logic"
ayurvedic treatment packages kerala price,commercial,IN;US;UK;AU;AE;SA,"[P1] Kerala | destination + origin/duration/theme combos are underserved vs generic ""kerala tour packages""; monsoon-ayurveda… | no public volume; included on intent/competition logic"
kerala monsoon ayurveda package,commercial,IN;US;UK;AU;AE;SA,"[P1] Kerala | destination + origin/duration/theme combos are underserved vs generic ""kerala tour packages""; monsoon-ayurveda… | no public volume; included on intent/competition logic"
kerala wellness retreat packages,commercial,IN;US;UK;AU;AE;SA,"[P1] Kerala | destination + origin/duration/theme combos are underserved vs generic ""kerala tour packages""; monsoon-ayurveda… | no public volume; included on intent/competition logic"
kerala tour package in july,commercial,IN;US;UK;AU;AE;SA,"[P1] Kerala | destination + origin/duration/theme combos are underserved vs generic ""kerala tour packages""; monsoon-ayurveda… | no public volume; included on intent/competition logic"
kerala monsoon package,commercial,IN;US;UK;AU;AE;SA,"[P2] Kerala | destination + origin/duration/theme combos are underserved vs generic ""kerala tour packages""; monsoon-ayurveda… | no public volume; included on intent/competition logic"
munnar tour package,commercial,IN;US;UK;AU;AE;SA,"[P2] Kerala | destination + origin/duration/theme combos are underserved vs generic ""kerala tour packages""; monsoon-ayurveda… | no public volume; included on intent/competition logic"
munnar thekkady tour package,commercial,IN;US;UK;AU;AE;SA,"[P1] Kerala | destination + origin/duration/theme combos are underserved vs generic ""kerala tour packages""; monsoon-ayurveda… | no public volume; included on intent/competition logic"
thekkady tour package,commercial,IN;US;UK;AU;AE;SA,"[P2] Kerala | destination + origin/duration/theme combos are underserved vs generic ""kerala tour packages""; monsoon-ayurveda… | no public volume; included on intent/competition logic"
periyar wildlife tour package,commercial,IN;US;UK;AU;AE;SA,"[P1] Kerala | destination + origin/duration/theme combos are underserved vs generic ""kerala tour packages""; monsoon-ayurveda… | no public volume; included on intent/competition logic"
wayanad tour package,commercial,IN;US;UK;AU;AE;SA,"[P2] Kerala | destination + origin/duration/theme combos are underserved vs generic ""kerala tour packages""; monsoon-ayurveda… | no public volume; included on intent/competition logic"
kovalam tour package,commercial,IN;US;UK;AU;AE;SA,"[P2] Kerala | destination + origin/duration/theme combos are underserved vs generic ""kerala tour packages""; monsoon-ayurveda… | no public volume; included on intent/competition logic"
varkala tour package,commercial,IN;US;UK;AU;AE;SA,"[P2] Kerala | destination + origin/duration/theme combos are underserved vs generic ""kerala tour packages""; monsoon-ayurveda… | no public volume; included on intent/competition logic"
kochi sightseeing package,commercial,IN;US;UK;AU;AE;SA,"[P2] Kerala | destination + origin/duration/theme combos are underserved vs generic ""kerala tour packages""; monsoon-ayurveda… | no public volume; included on intent/competition logic"
kerala tour packages for senior citizens,commercial,IN;US;UK;AU;AE;SA,"[P1] Kerala | destination + origin/duration/theme combos are underserved vs generic ""kerala tour packages""; monsoon-ayurveda… | no public volume; included on intent/competition logic"
kerala tour packages with flight from delhi,commercial,IN;US;UK;AU;AE;SA,"[P1] Kerala | destination + origin/duration/theme combos are underserved vs generic ""kerala tour packages""; monsoon-ayurveda… | no public volume; included on intent/competition logic"
luxury kerala tour packages,commercial,IN;US;UK;AU;AE;SA,"[P1] Kerala | destination + origin/duration/theme combos are underserved vs generic ""kerala tour packages""; monsoon-ayurveda… | no public volume; included on intent/competition logic"
budget kerala tour package,commercial,IN;US;UK;AU;AE;SA,"[P1] Kerala | destination + origin/duration/theme combos are underserved vs generic ""kerala tour packages""; monsoon-ayurveda… | no public volume; included on intent/competition logic"
kerala tour package under 20000,commercial,IN;US;UK;AU;AE;SA,"[P1] Kerala | destination + origin/duration/theme combos are underserved vs generic ""kerala tour packages""; monsoon-ayurveda… | no public volume; included on intent/competition logic"
kerala tour package under 30000,commercial,IN;US;UK;AU;AE;SA,"[P1] Kerala | destination + origin/duration/theme combos are underserved vs generic ""kerala tour packages""; monsoon-ayurveda… | no public volume; included on intent/competition logic"
kerala tour package under 50000,commercial,IN;US;UK;AU;AE;SA,"[P1] Kerala | destination + origin/duration/theme combos are underserved vs generic ""kerala tour packages""; monsoon-ayurveda… | no public volume; included on intent/competition logic"
kerala group tour packages,commercial,IN;US;UK;AU;AE;SA,"[P1] Kerala | destination + origin/duration/theme combos are underserved vs generic ""kerala tour packages""; monsoon-ayurveda… | no public volume; included on intent/competition logic"
kerala tour packages for students,commercial,IN;US;UK;AU;AE;SA,"[P1] Kerala | destination + origin/duration/theme combos are underserved vs generic ""kerala tour packages""; monsoon-ayurveda… | no public volume; included on intent/competition logic"
rajasthan tour packages,commercial,IN;US;UK;AU;SG;DE;FR,[P2] Rajasthan | exact route circuits (jaipur–jodhpur–udaipur etc.) are long-tail with thin agency SERPs; desert-camp and fair-… | no public volume; included on intent/competition logic
rajasthan tour package 5 days,commercial,IN;US;UK;AU;SG;DE;FR,[P1] Rajasthan | exact route circuits (jaipur–jodhpur–udaipur etc.) are long-tail with thin agency SERPs; desert-camp and fair-… | no public volume; included on intent/competition logic
rajasthan tour package 6 days,commercial,IN;US;UK;AU;SG;DE;FR,[P1] Rajasthan | exact route circuits (jaipur–jodhpur–udaipur etc.) are long-tail with thin agency SERPs; desert-camp and fair-… | no public volume; included on intent/competition logic
rajasthan tour package 7 days,commercial,IN;US;UK;AU;SG;DE;FR,[P1] Rajasthan | exact route circuits (jaipur–jodhpur–udaipur etc.) are long-tail with thin agency SERPs; desert-camp and fair-… | no public volume; included on intent/competition logic
jaipur jodhpur udaipur tour package,commercial,IN;US;UK;AU;SG;DE;FR,[P1] Rajasthan | exact route circuits (jaipur–jodhpur–udaipur etc.) are long-tail with thin agency SERPs; desert-camp and fair-… | no public volume; included on intent/competition logic
jaipur jodhpur jaisalmer tour package,commercial,IN;US;UK;AU;SG;DE;FR,[P1] Rajasthan | exact route circuits (jaipur–jodhpur–udaipur etc.) are long-tail with thin agency SERPs; desert-camp and fair-… | no public volume; included on intent/competition logic
udaipur jodhpur jaisalmer tour package,commercial,IN;US;UK;AU;SG;DE;FR,[P1] Rajasthan | exact route circuits (jaipur–jodhpur–udaipur etc.) are long-tail with thin agency SERPs; desert-camp and fair-… | no public volume; included on intent/competition logic
jaipur pushkar udaipur tour package,commercial,IN;US;UK;AU;SG;DE;FR,[P1] Rajasthan | exact route circuits (jaipur–jodhpur–udaipur etc.) are long-tail with thin agency SERPs; desert-camp and fair-… | no public volume; included on intent/competition logic
golden triangle tour package,commercial,IN;US;UK;AU;SG;DE;FR,[P1] Rajasthan | exact route circuits (jaipur–jodhpur–udaipur etc.) are long-tail with thin agency SERPs; desert-camp and fair-… | no public volume; included on intent/competition logic
golden triangle with ranthambore package,commercial,IN;US;UK;AU;SG;DE;FR,[P1] Rajasthan | exact route circuits (jaipur–jodhpur–udaipur etc.) are long-tail with thin agency SERPs; desert-camp and fair-… | no public volume; included on intent/competition logic
rajasthan grand tour package,commercial,IN;US;UK;AU;SG;DE;FR,[P1] Rajasthan | exact route circuits (jaipur–jodhpur–udaipur etc.) are long-tail with thin agency SERPs; desert-camp and fair-… | no public volume; included on intent/competition logic
rajasthan honeymoon package,commercial,IN;US;UK;AU;SG;DE;FR,[P2] Rajasthan | exact route circuits (jaipur–jodhpur–udaipur etc.) are long-tail with thin agency SERPs; desert-camp and fair-… | no public volume; included on intent/competition logic
udaipur honeymoon package,commercial,IN;US;UK;AU;SG;DE;FR,[P2] Rajasthan | exact route circuits (jaipur–jodhpur–udaipur etc.) are long-tail with thin agency SERPs; desert-camp and fair-… | no public volume; included on intent/competition logic
jaisalmer desert camp package,commercial,IN;US;UK;AU;SG;DE;FR,[P1] Rajasthan | exact route circuits (jaipur–jodhpur–udaipur etc.) are long-tail with thin agency SERPs; desert-camp and fair-… | no public volume; included on intent/competition logic
sam sand dunes camp booking,transactional,IN;US;UK;AU;SG;DE;FR,[P1] Rajasthan | exact route circuits (jaipur–jodhpur–udaipur etc.) are long-tail with thin agency SERPs; desert-camp and fair-… | no public volume; included on intent/competition logic
jaisalmer desert safari package price,commercial,IN;US;UK;AU;SG;DE;FR,[P1] Rajasthan | exact route circuits (jaipur–jodhpur–udaipur etc.) are long-tail with thin agency SERPs; desert-camp and fair-… | no public volume; included on intent/competition logic
rajasthan tour packages from delhi,commercial,IN;US;UK;AU;SG;DE;FR,[P1] Rajasthan | exact route circuits (jaipur–jodhpur–udaipur etc.) are long-tail with thin agency SERPs; desert-camp and fair-… | no public volume; included on intent/competition logic
rajasthan tour packages from mumbai,commercial,IN;US;UK;AU;SG;DE;FR,[P1] Rajasthan | exact route circuits (jaipur–jodhpur–udaipur etc.) are long-tail with thin agency SERPs; desert-camp and fair-… | no public volume; included on intent/competition logic
rajasthan tour packages from ahmedabad,commercial,IN;US;UK;AU;SG;DE;FR,[P1] Rajasthan | exact route circuits (jaipur–jodhpur–udaipur etc.) are long-tail with thin agency SERPs; desert-camp and fair-… | no public volume; included on intent/competition logic
rajasthan tour packages from surat,commercial,IN;US;UK;AU;SG;DE;FR,[P1] Rajasthan | exact route circuits (jaipur–jodhpur–udaipur etc.) are long-tail with thin agency SERPs; desert-camp and fair-… | no public volume; included on intent/competition logic
rajasthan luxury tour package,commercial,IN;US;UK;AU;SG;DE;FR,[P1] Rajasthan | exact route circuits (jaipur–jodhpur–udaipur etc.) are long-tail with thin agency SERPs; desert-camp and fair-… | no public volume; included on intent/competition logic
rajasthan palace hotels package,commercial,IN;US;UK;AU;SG;DE;FR,[P1] Rajasthan | exact route circuits (jaipur–jodhpur–udaipur etc.) are long-tail with thin agency SERPs; desert-camp and fair-… | no public volume; included on intent/competition logic
rajasthan budget tour package,commercial,IN;US;UK;AU;SG;DE;FR,[P1] Rajasthan | exact route circuits (jaipur–jodhpur–udaipur etc.) are long-tail with thin agency SERPs; desert-camp and fair-… | no public volume; included on intent/competition logic
rajasthan tour package under 25000,commercial,IN;US;UK;AU;SG;DE;FR,[P1] Rajasthan | exact route circuits (jaipur–jodhpur–udaipur etc.) are long-tail with thin agency SERPs; desert-camp and fair-… | no public volume; included on intent/competition logic
rajasthan tour package under 40000,commercial,IN;US;UK;AU;SG;DE;FR,[P1] Rajasthan | exact route circuits (jaipur–jodhpur–udaipur etc.) are long-tail with thin agency SERPs; desert-camp and fair-… | no public volume; included on intent/competition logic
jaipur tour package,commercial,IN;US;UK;AU;SG;DE;FR,[P2] Rajasthan | exact route circuits (jaipur–jodhpur–udaipur etc.) are long-tail with thin agency SERPs; desert-camp and fair-… | no public volume; included on intent/competition logic
jaipur sightseeing package,commercial,IN;US;UK;AU;SG;DE;FR,[P2] Rajasthan | exact route circuits (jaipur–jodhpur–udaipur etc.) are long-tail with thin agency SERPs; desert-camp and fair-… | no public volume; included on intent/competition logic
udaipur tour package 3 days,commercial,IN;US;UK;AU;SG;DE;FR,[P1] Rajasthan | exact route circuits (jaipur–jodhpur–udaipur etc.) are long-tail with thin agency SERPs; desert-camp and fair-… | no public volume; included on intent/competition logic
jodhpur tour package,commercial,IN;US;UK;AU;SG;DE;FR,[P2] Rajasthan | exact route circuits (jaipur–jodhpur–udaipur etc.) are long-tail with thin agency SERPs; desert-camp and fair-… | no public volume; included on intent/competition logic
jaisalmer tour package 2 days,commercial,IN;US;UK;AU;SG;DE;FR,[P1] Rajasthan | exact route circuits (jaipur–jodhpur–udaipur etc.) are long-tail with thin agency SERPs; desert-camp and fair-… | no public volume; included on intent/competition logic
pushkar fair tour package,commercial,IN;US;UK;AU;SG;DE;FR,[P1] Rajasthan | exact route circuits (jaipur–jodhpur–udaipur etc.) are long-tail with thin agency SERPs; desert-camp and fair-… | no public volume; included on intent/competition logic
pushkar fair 2026 dates,informational,IN;US;UK;AU;SG;DE;FR,[P1] Rajasthan | exact route circuits (jaipur–jodhpur–udaipur etc.) are long-tail with thin agency SERPs; desert-camp and fair-… | no public volume; included on intent/competition logic
rajasthan group departures,commercial,IN;US;UK;AU;SG;DE;FR,[P2] Rajasthan | exact route circuits (jaipur–jodhpur–udaipur etc.) are long-tail with thin agency SERPs; desert-camp and fair-… | no public volume; included on intent/competition logic
rajasthan tour packages for senior citizens,commercial,IN;US;UK;AU;SG;DE;FR,[P1] Rajasthan | exact route circuits (jaipur–jodhpur–udaipur etc.) are long-tail with thin agency SERPs; desert-camp and fair-… | no public volume; included on intent/competition logic
bikaner mandawa shekhawati tour package,commercial,IN;US;UK;AU;SG;DE;FR,[P1] Rajasthan | exact route circuits (jaipur–jodhpur–udaipur etc.) are long-tail with thin agency SERPs; desert-camp and fair-… | no public volume; included on intent/competition logic
ranthambore tour package,commercial,IN;US;UK;AU;SG;DE;FR,[P2] Rajasthan | exact route circuits (jaipur–jodhpur–udaipur etc.) are long-tail with thin agency SERPs; desert-camp and fair-… | no public volume; included on intent/competition logic
mount abu tour package from ahmedabad,commercial,IN;US;UK;AU;SG;DE;FR,[P1] Rajasthan | exact route circuits (jaipur–jodhpur–udaipur etc.) are long-tail with thin agency SERPs; desert-camp and fair-… | no public volume; included on intent/competition logic
chittorgarh kumbhalgarh tour package,commercial,IN;US;UK;AU;SG;DE;FR,[P1] Rajasthan | exact route circuits (jaipur–jodhpur–udaipur etc.) are long-tail with thin agency SERPs; desert-camp and fair-… | no public volume; included on intent/competition logic
kashmir tour packages,commercial,IN;AE;SA,"[P2] Kashmir | duration × audience × origin combos; houseboat and gulmarg-gondola specifics beat generic Kashmir pages. | reported vol 27,100/mo (mediasearchgroup, Google India, 2026 — source-reported, unverified)"
kashmir tour package 5 days,commercial,IN;AE;SA,[P1] Kashmir | duration × audience × origin combos; houseboat and gulmarg-gondola specifics beat generic Kashmir pages. | no public volume; included on intent/competition logic
kashmir tour package 6 days,commercial,IN;AE;SA,[P1] Kashmir | duration × audience × origin combos; houseboat and gulmarg-gondola specifics beat generic Kashmir pages. | no public volume; included on intent/competition logic
kashmir tour package 7 days,commercial,IN;AE;SA,[P1] Kashmir | duration × audience × origin combos; houseboat and gulmarg-gondola specifics beat generic Kashmir pages. | no public volume; included on intent/competition logic
kashmir 3 nights 4 days package,commercial,IN;AE;SA,[P1] Kashmir | duration × audience × origin combos; houseboat and gulmarg-gondola specifics beat generic Kashmir pages. | no public volume; included on intent/competition logic
kashmir 4 nights 5 days package,commercial,IN;AE;SA,[P1] Kashmir | duration × audience × origin combos; houseboat and gulmarg-gondola specifics beat generic Kashmir pages. | no public volume; included on intent/competition logic
kashmir honeymoon package,commercial,IN;AE;SA,[P2] Kashmir | duration × audience × origin combos; houseboat and gulmarg-gondola specifics beat generic Kashmir pages. | no public volume; included on intent/competition logic
kashmir tour package for couple,commercial,IN;AE;SA,[P1] Kashmir | duration × audience × origin combos; houseboat and gulmarg-gondola specifics beat generic Kashmir pages. | no public volume; included on intent/competition logic
kashmir family tour package,commercial,IN;AE;SA,[P1] Kashmir | duration × audience × origin combos; houseboat and gulmarg-gondola specifics beat generic Kashmir pages. | no public volume; included on intent/competition logic
kashmir tour package for group,commercial,IN;AE;SA,[P1] Kashmir | duration × audience × origin combos; houseboat and gulmarg-gondola specifics beat generic Kashmir pages. | no public volume; included on intent/competition logic
kashmir tour package for senior citizens,commercial,IN;AE;SA,[P1] Kashmir | duration × audience × origin combos; houseboat and gulmarg-gondola specifics beat generic Kashmir pages. | no public volume; included on intent/competition logic
kashmir adventure tour package,commercial,IN;AE;SA,[P1] Kashmir | duration × audience × origin combos; houseboat and gulmarg-gondola specifics beat generic Kashmir pages. | no public volume; included on intent/competition logic
kashmir tour packages from delhi,commercial,IN;AE;SA,[P1] Kashmir | duration × audience × origin combos; houseboat and gulmarg-gondola specifics beat generic Kashmir pages. | no public volume; included on intent/competition logic
kashmir tour packages from mumbai,commercial,IN;AE;SA,[P1] Kashmir | duration × audience × origin combos; houseboat and gulmarg-gondola specifics beat generic Kashmir pages. | no public volume; included on intent/competition logic
kashmir tour packages from bangalore,commercial,IN;AE;SA,[P1] Kashmir | duration × audience × origin combos; houseboat and gulmarg-gondola specifics beat generic Kashmir pages. | no public volume; included on intent/competition logic
kashmir tour packages from ahmedabad,commercial,IN;AE;SA,[P1] Kashmir | duration × audience × origin combos; houseboat and gulmarg-gondola specifics beat generic Kashmir pages. | no public volume; included on intent/competition logic
kashmir tour packages from pune,commercial,IN;AE;SA,[P1] Kashmir | duration × audience × origin combos; houseboat and gulmarg-gondola specifics beat generic Kashmir pages. | no public volume; included on intent/competition logic
kashmir package from srinagar,transactional,IN;AE;SA,[P1] Kashmir | duration × audience × origin combos; houseboat and gulmarg-gondola specifics beat generic Kashmir pages. | no public volume; included on intent/competition logic
srinagar tour package,commercial,IN;AE;SA,[P2] Kashmir | duration × audience × origin combos; houseboat and gulmarg-gondola specifics beat generic Kashmir pages. | no public volume; included on intent/competition logic
gulmarg tour package,commercial,IN;AE;SA,[P2] Kashmir | duration × audience × origin combos; houseboat and gulmarg-gondola specifics beat generic Kashmir pages. | no public volume; included on intent/competition logic
gulmarg gondola booking,transactional,IN;AE;SA,[P1] Kashmir | duration × audience × origin combos; houseboat and gulmarg-gondola specifics beat generic Kashmir pages. | no public volume; included on intent/competition logic
gulmarg gondola ticket price,informational,IN;AE;SA,[P1] Kashmir | duration × audience × origin combos; houseboat and gulmarg-gondola specifics beat generic Kashmir pages. | no public volume; included on intent/competition logic
pahalgam tour package,commercial,IN;AE;SA,[P2] Kashmir | duration × audience × origin combos; houseboat and gulmarg-gondola specifics beat generic Kashmir pages. | no public volume; included on intent/competition logic
sonmarg tour package,commercial,IN;AE;SA,[P2] Kashmir | duration × audience × origin combos; houseboat and gulmarg-gondola specifics beat generic Kashmir pages. | no public volume; included on intent/competition logic
doodhpathri tour package,commercial,IN;AE;SA,[P2] Kashmir | duration × audience × origin combos; houseboat and gulmarg-gondola specifics beat generic Kashmir pages. | no public volume; included on intent/competition logic
srinagar pahalgam gulmarg tour package,commercial,IN;AE;SA,[P1] Kashmir | duration × audience × origin combos; houseboat and gulmarg-gondola specifics beat generic Kashmir pages. | no public volume; included on intent/competition logic
kashmir houseboat package,commercial,IN;AE;SA,[P2] Kashmir | duration × audience × origin combos; houseboat and gulmarg-gondola specifics beat generic Kashmir pages. | no public volume; included on intent/competition logic
dal lake houseboat booking price,commercial,IN;AE;SA,[P1] Kashmir | duration × audience × origin combos; houseboat and gulmarg-gondola specifics beat generic Kashmir pages. | no public volume; included on intent/competition logic
kashmir in december package,commercial,IN;AE;SA,[P1] Kashmir | duration × audience × origin combos; houseboat and gulmarg-gondola specifics beat generic Kashmir pages. | no public volume; included on intent/competition logic
kashmir in january package,commercial,IN;AE;SA,[P1] Kashmir | duration × audience × origin combos; houseboat and gulmarg-gondola specifics beat generic Kashmir pages. | no public volume; included on intent/competition logic
kashmir in march april package,commercial,IN;AE;SA,[P1] Kashmir | duration × audience × origin combos; houseboat and gulmarg-gondola specifics beat generic Kashmir pages. | no public volume; included on intent/competition logic
kashmir tulip garden tour package,commercial,IN;AE;SA,[P1] Kashmir | duration × audience × origin combos; houseboat and gulmarg-gondola specifics beat generic Kashmir pages. | no public volume; included on intent/competition logic
kashmir tour package under 30000,commercial,IN;AE;SA,[P1] Kashmir | duration × audience × origin combos; houseboat and gulmarg-gondola specifics beat generic Kashmir pages. | no public volume; included on intent/competition logic
kashmir tour package under 50000,commercial,IN;AE;SA,[P1] Kashmir | duration × audience × origin combos; houseboat and gulmarg-gondola specifics beat generic Kashmir pages. | no public volume; included on intent/competition logic
kashmir tour package with flight,commercial,IN;AE;SA,[P1] Kashmir | duration × audience × origin combos; houseboat and gulmarg-gondola specifics beat generic Kashmir pages. | no public volume; included on intent/competition logic
kashmir budget tour package,commercial,IN;AE;SA,[P1] Kashmir | duration × audience × origin combos; houseboat and gulmarg-gondola specifics beat generic Kashmir pages. | no public volume; included on intent/competition logic
kashmir luxury tour package,commercial,IN;AE;SA,[P1] Kashmir | duration × audience × origin combos; houseboat and gulmarg-gondola specifics beat generic Kashmir pages. | no public volume; included on intent/competition logic
kashmir great lakes trek package,commercial,IN;AE;SA,[P1] Kashmir | duration × audience × origin combos; houseboat and gulmarg-gondola specifics beat generic Kashmir pages. | no public volume; included on intent/competition logic
kashmir tour package from jammu,commercial,IN;AE;SA,[P1] Kashmir | duration × audience × origin combos; houseboat and gulmarg-gondola specifics beat generic Kashmir pages. | no public volume; included on intent/competition logic
amarnath yatra package,commercial,IN;AE;SA,[P2] Kashmir | duration × audience × origin combos; houseboat and gulmarg-gondola specifics beat generic Kashmir pages. | no public volume; included on intent/competition logic
amarnath yatra helicopter package,commercial,IN;AE;SA,[P1] Kashmir | duration × audience × origin combos; houseboat and gulmarg-gondola specifics beat generic Kashmir pages. | no public volume; included on intent/competition logic
amarnath yatra from srinagar package,commercial,IN;AE;SA,[P1] Kashmir | duration × audience × origin combos; houseboat and gulmarg-gondola specifics beat generic Kashmir pages. | no public volume; included on intent/competition logic
amarnath yatra registration,informational,IN;AE;SA,[P1] Kashmir | duration × audience × origin combos; houseboat and gulmarg-gondola specifics beat generic Kashmir pages. | no public volume; included on intent/competition logic
baltal vs pahalgam route amarnath,informational,IN;AE;SA,[P1] Kashmir | duration × audience × origin combos; houseboat and gulmarg-gondola specifics beat generic Kashmir pages. | no public volume; included on intent/competition logic
amarnath yatra medical certificate requirements,informational,IN;AE;SA,[P1] Kashmir | duration × audience × origin combos; houseboat and gulmarg-gondola specifics beat generic Kashmir pages. | no public volume; included on intent/competition logic
amarnath vaishno devi combined package,commercial,IN;AE;SA,[P1] Kashmir | duration × audience × origin combos; houseboat and gulmarg-gondola specifics beat generic Kashmir pages. | no public volume; included on intent/competition logic
goa tour packages,commercial,IN;UK,"[P2] Goa | ""goa tour package"" head term is competitive, but north-vs-south, villa, bachelor, monsoon and weekend-from-cit… | no public volume; included on intent/competition logic"
goa tour package for family,commercial,IN;UK,"[P1] Goa | ""goa tour package"" head term is competitive, but north-vs-south, villa, bachelor, monsoon and weekend-from-cit… | no public volume; included on intent/competition logic"
goa honeymoon package,commercial,IN;UK,"[P2] Goa | ""goa tour package"" head term is competitive, but north-vs-south, villa, bachelor, monsoon and weekend-from-cit… | no public volume; included on intent/competition logic"
goa tour package for couple,commercial,IN;UK,"[P1] Goa | ""goa tour package"" head term is competitive, but north-vs-south, villa, bachelor, monsoon and weekend-from-cit… | no public volume; included on intent/competition logic"
goa bachelor trip package,commercial,IN;UK,"[P1] Goa | ""goa tour package"" head term is competitive, but north-vs-south, villa, bachelor, monsoon and weekend-from-cit… | no public volume; included on intent/competition logic"
goa girls trip package,commercial,IN;UK,"[P1] Goa | ""goa tour package"" head term is competitive, but north-vs-south, villa, bachelor, monsoon and weekend-from-cit… | no public volume; included on intent/competition logic"
goa tour package under 15000,commercial,IN;UK,"[P1] Goa | ""goa tour package"" head term is competitive, but north-vs-south, villa, bachelor, monsoon and weekend-from-cit… | no public volume; included on intent/competition logic"
goa tour package under 20000,commercial,IN;UK,"[P1] Goa | ""goa tour package"" head term is competitive, but north-vs-south, villa, bachelor, monsoon and weekend-from-cit… | no public volume; included on intent/competition logic"
goa tour package under 30000,commercial,IN;UK,"[P1] Goa | ""goa tour package"" head term is competitive, but north-vs-south, villa, bachelor, monsoon and weekend-from-cit… | no public volume; included on intent/competition logic"
north goa vs south goa,informational,IN;UK,"[P1] Goa | ""goa tour package"" head term is competitive, but north-vs-south, villa, bachelor, monsoon and weekend-from-cit… | no public volume; included on intent/competition logic"
north goa tour package,commercial,IN;UK,"[P1] Goa | ""goa tour package"" head term is competitive, but north-vs-south, villa, bachelor, monsoon and weekend-from-cit… | no public volume; included on intent/competition logic"
south goa tour package,commercial,IN;UK,"[P1] Goa | ""goa tour package"" head term is competitive, but north-vs-south, villa, bachelor, monsoon and weekend-from-cit… | no public volume; included on intent/competition logic"
goa villa package,commercial,IN;UK,"[P2] Goa | ""goa tour package"" head term is competitive, but north-vs-south, villa, bachelor, monsoon and weekend-from-cit… | no public volume; included on intent/competition logic"
goa tour packages from delhi,commercial,IN;UK,"[P1] Goa | ""goa tour package"" head term is competitive, but north-vs-south, villa, bachelor, monsoon and weekend-from-cit… | no public volume; included on intent/competition logic"
goa tour packages from mumbai,commercial,IN;UK,"[P1] Goa | ""goa tour package"" head term is competitive, but north-vs-south, villa, bachelor, monsoon and weekend-from-cit… | no public volume; included on intent/competition logic"
goa tour packages from bangalore,commercial,IN;UK,"[P1] Goa | ""goa tour package"" head term is competitive, but north-vs-south, villa, bachelor, monsoon and weekend-from-cit… | no public volume; included on intent/competition logic"
goa tour packages from hyderabad,commercial,IN;UK,"[P1] Goa | ""goa tour package"" head term is competitive, but north-vs-south, villa, bachelor, monsoon and weekend-from-cit… | no public volume; included on intent/competition logic"
goa tour packages from pune,commercial,IN;UK,"[P1] Goa | ""goa tour package"" head term is competitive, but north-vs-south, villa, bachelor, monsoon and weekend-from-cit… | no public volume; included on intent/competition logic"
goa 3 nights 4 days package,commercial,IN;UK,"[P1] Goa | ""goa tour package"" head term is competitive, but north-vs-south, villa, bachelor, monsoon and weekend-from-cit… | no public volume; included on intent/competition logic"
goa weekend package from mumbai,commercial,IN;UK,"[P1] Goa | ""goa tour package"" head term is competitive, but north-vs-south, villa, bachelor, monsoon and weekend-from-cit… | no public volume; included on intent/competition logic"
goa weekend package from bangalore,commercial,IN;UK,"[P1] Goa | ""goa tour package"" head term is competitive, but north-vs-south, villa, bachelor, monsoon and weekend-from-cit… | no public volume; included on intent/competition logic"
goa monsoon package,commercial,IN;UK,"[P2] Goa | ""goa tour package"" head term is competitive, but north-vs-south, villa, bachelor, monsoon and weekend-from-cit… | no public volume; included on intent/competition logic"
goa in december package,commercial,IN;UK,"[P1] Goa | ""goa tour package"" head term is competitive, but north-vs-south, villa, bachelor, monsoon and weekend-from-cit… | no public volume; included on intent/competition logic"
goa christmas new year package,commercial,IN;UK,"[P1] Goa | ""goa tour package"" head term is competitive, but north-vs-south, villa, bachelor, monsoon and weekend-from-cit… | no public volume; included on intent/competition logic"
goa cruise package,commercial,IN;UK,"[P2] Goa | ""goa tour package"" head term is competitive, but north-vs-south, villa, bachelor, monsoon and weekend-from-cit… | no public volume; included on intent/competition logic"
goa water sports package price,commercial,IN;UK,"[P1] Goa | ""goa tour package"" head term is competitive, but north-vs-south, villa, bachelor, monsoon and weekend-from-cit… | no public volume; included on intent/competition logic"
goa scuba diving package,commercial,IN;UK,"[P1] Goa | ""goa tour package"" head term is competitive, but north-vs-south, villa, bachelor, monsoon and weekend-from-cit… | no public volume; included on intent/competition logic"
goa tour package with flight,commercial,IN;UK,"[P1] Goa | ""goa tour package"" head term is competitive, but north-vs-south, villa, bachelor, monsoon and weekend-from-cit… | no public volume; included on intent/competition logic"
goa group tour package,commercial,IN;UK,"[P1] Goa | ""goa tour package"" head term is competitive, but north-vs-south, villa, bachelor, monsoon and weekend-from-cit… | no public volume; included on intent/competition logic"
goa corporate offsite package,commercial,IN;UK,"[P1] Goa | ""goa tour package"" head term is competitive, but north-vs-south, villa, bachelor, monsoon and weekend-from-cit… | no public volume; included on intent/competition logic"
dudhsagar trip package,commercial,IN;UK,"[P2] Goa | ""goa tour package"" head term is competitive, but north-vs-south, villa, bachelor, monsoon and weekend-from-cit… | no public volume; included on intent/competition logic"
goa senior citizen package,commercial,IN;UK,"[P1] Goa | ""goa tour package"" head term is competitive, but north-vs-south, villa, bachelor, monsoon and weekend-from-cit… | no public volume; included on intent/competition logic"
andaman tour packages,commercial,IN,[P2] Andaman & Nicobar | origin-specific pages (Kolkata/Chennai direct flights) are a proven competitor playbook with weak SERPs; activ… | no public volume; included on intent/competition logic
andaman tour package from kolkata,commercial,IN,[P1] Andaman & Nicobar | origin-specific pages (Kolkata/Chennai direct flights) are a proven competitor playbook with weak SERPs; activ… | no public volume; included on intent/competition logic
andaman tour package from chennai,commercial,IN,[P1] Andaman & Nicobar | origin-specific pages (Kolkata/Chennai direct flights) are a proven competitor playbook with weak SERPs; activ… | no public volume; included on intent/competition logic
andaman tour package from delhi,commercial,IN,[P1] Andaman & Nicobar | origin-specific pages (Kolkata/Chennai direct flights) are a proven competitor playbook with weak SERPs; activ… | no public volume; included on intent/competition logic
andaman tour package from mumbai,commercial,IN,[P1] Andaman & Nicobar | origin-specific pages (Kolkata/Chennai direct flights) are a proven competitor playbook with weak SERPs; activ… | no public volume; included on intent/competition logic
andaman tour package from bangalore,commercial,IN,[P1] Andaman & Nicobar | origin-specific pages (Kolkata/Chennai direct flights) are a proven competitor playbook with weak SERPs; activ… | no public volume; included on intent/competition logic
andaman tour package from hyderabad,commercial,IN,[P1] Andaman & Nicobar | origin-specific pages (Kolkata/Chennai direct flights) are a proven competitor playbook with weak SERPs; activ… | no public volume; included on intent/competition logic
andaman 4 nights 5 days package,commercial,IN,[P1] Andaman & Nicobar | origin-specific pages (Kolkata/Chennai direct flights) are a proven competitor playbook with weak SERPs; activ… | no public volume; included on intent/competition logic
andaman 5 nights 6 days package,commercial,IN,[P1] Andaman & Nicobar | origin-specific pages (Kolkata/Chennai direct flights) are a proven competitor playbook with weak SERPs; activ… | no public volume; included on intent/competition logic
andaman honeymoon package,commercial,IN,[P2] Andaman & Nicobar | origin-specific pages (Kolkata/Chennai direct flights) are a proven competitor playbook with weak SERPs; activ… | no public volume; included on intent/competition logic
andaman family tour package,commercial,IN,[P1] Andaman & Nicobar | origin-specific pages (Kolkata/Chennai direct flights) are a proven competitor playbook with weak SERPs; activ… | no public volume; included on intent/competition logic
andaman tour package price,commercial,IN,[P1] Andaman & Nicobar | origin-specific pages (Kolkata/Chennai direct flights) are a proven competitor playbook with weak SERPs; activ… | no public volume; included on intent/competition logic
andaman trip cost from kolkata,commercial,IN,[P1] Andaman & Nicobar | origin-specific pages (Kolkata/Chennai direct flights) are a proven competitor playbook with weak SERPs; activ… | no public volume; included on intent/competition logic
andaman budget tour package,commercial,IN,[P1] Andaman & Nicobar | origin-specific pages (Kolkata/Chennai direct flights) are a proven competitor playbook with weak SERPs; activ… | no public volume; included on intent/competition logic
andaman tour package under 30000,commercial,IN,[P1] Andaman & Nicobar | origin-specific pages (Kolkata/Chennai direct flights) are a proven competitor playbook with weak SERPs; activ… | no public volume; included on intent/competition logic
andaman tour package under 40000,commercial,IN,[P1] Andaman & Nicobar | origin-specific pages (Kolkata/Chennai direct flights) are a proven competitor playbook with weak SERPs; activ… | no public volume; included on intent/competition logic
andaman tour package with flight from kolkata,commercial,IN,[P1] Andaman & Nicobar | origin-specific pages (Kolkata/Chennai direct flights) are a proven competitor playbook with weak SERPs; activ… | no public volume; included on intent/competition logic
port blair havelock neil island package,commercial,IN,[P1] Andaman & Nicobar | origin-specific pages (Kolkata/Chennai direct flights) are a proven competitor playbook with weak SERPs; activ… | no public volume; included on intent/competition logic
havelock island tour package,commercial,IN,[P1] Andaman & Nicobar | origin-specific pages (Kolkata/Chennai direct flights) are a proven competitor playbook with weak SERPs; activ… | no public volume; included on intent/competition logic
neil island tour package,commercial,IN,[P1] Andaman & Nicobar | origin-specific pages (Kolkata/Chennai direct flights) are a proven competitor playbook with weak SERPs; activ… | no public volume; included on intent/competition logic
radhanagar beach havelock,informational,IN,[P2] Andaman & Nicobar | origin-specific pages (Kolkata/Chennai direct flights) are a proven competitor playbook with weak SERPs; activ… | no public volume; included on intent/competition logic
andaman scuba diving package,commercial,IN,[P1] Andaman & Nicobar | origin-specific pages (Kolkata/Chennai direct flights) are a proven competitor playbook with weak SERPs; activ… | no public volume; included on intent/competition logic
scuba diving in havelock price,commercial,IN,[P1] Andaman & Nicobar | origin-specific pages (Kolkata/Chennai direct flights) are a proven competitor playbook with weak SERPs; activ… | no public volume; included on intent/competition logic
sea walk andaman price,commercial,IN,[P1] Andaman & Nicobar | origin-specific pages (Kolkata/Chennai direct flights) are a proven competitor playbook with weak SERPs; activ… | no public volume; included on intent/competition logic
snorkeling in andaman price,commercial,IN,[P1] Andaman & Nicobar | origin-specific pages (Kolkata/Chennai direct flights) are a proven competitor playbook with weak SERPs; activ… | no public volume; included on intent/competition logic
andaman ferry booking,transactional,IN,[P1] Andaman & Nicobar | origin-specific pages (Kolkata/Chennai direct flights) are a proven competitor playbook with weak SERPs; activ… | no public volume; included on intent/competition logic
green ocean makruzz ferry booking,transactional,IN,[P1] Andaman & Nicobar | origin-specific pages (Kolkata/Chennai direct flights) are a proven competitor playbook with weak SERPs; activ… | no public volume; included on intent/competition logic
cellular jail light and sound show tickets,transactional,IN,[P1] Andaman & Nicobar | origin-specific pages (Kolkata/Chennai direct flights) are a proven competitor playbook with weak SERPs; activ… | no public volume; included on intent/competition logic
best time to visit andaman,informational,IN,[P1] Andaman & Nicobar | origin-specific pages (Kolkata/Chennai direct flights) are a proven competitor playbook with weak SERPs; activ… | no public volume; included on intent/competition logic
andaman in december package,commercial,IN,[P1] Andaman & Nicobar | origin-specific pages (Kolkata/Chennai direct flights) are a proven competitor playbook with weak SERPs; activ… | no public volume; included on intent/competition logic
andaman in january package,commercial,IN,[P1] Andaman & Nicobar | origin-specific pages (Kolkata/Chennai direct flights) are a proven competitor playbook with weak SERPs; activ… | no public volume; included on intent/competition logic
andaman group tour,commercial,IN,[P2] Andaman & Nicobar | origin-specific pages (Kolkata/Chennai direct flights) are a proven competitor playbook with weak SERPs; activ… | no public volume; included on intent/competition logic
andaman senior citizen package,commercial,IN,[P1] Andaman & Nicobar | origin-specific pages (Kolkata/Chennai direct flights) are a proven competitor playbook with weak SERPs; activ… | no public volume; included on intent/competition logic
baratang island tour package,commercial,IN,[P1] Andaman & Nicobar | origin-specific pages (Kolkata/Chennai direct flights) are a proven competitor playbook with weak SERPs; activ… | no public volume; included on intent/competition logic
diglipur ross smith island tour package,commercial,IN,[P1] Andaman & Nicobar | origin-specific pages (Kolkata/Chennai direct flights) are a proven competitor playbook with weak SERPs; activ… | no public volume; included on intent/competition logic
andaman water sports package,commercial,IN,[P1] Andaman & Nicobar | origin-specific pages (Kolkata/Chennai direct flights) are a proven competitor playbook with weak SERPs; activ… | no public volume; included on intent/competition logic
do indians need permit for andaman,informational,IN,[P1] Andaman & Nicobar | origin-specific pages (Kolkata/Chennai direct flights) are a proven competitor playbook with weak SERPs; activ… | no public volume; included on intent/competition logic
kolkata to port blair direct flight,informational,IN,[P1] Andaman & Nicobar | origin-specific pages (Kolkata/Chennai direct flights) are a proven competitor playbook with weak SERPs; activ… | no public volume; included on intent/competition logic
himachal tour packages,commercial,IN,"[P2] Himachal Pradesh | weekend-from-Delhi/Chandigarh + honeymoon + offbeat circuits (Tirthan, Kinnaur, Chitkul) are long-tail; volvo-… | no public volume; included on intent/competition logic"
himachal tour package from delhi,commercial,IN,"[P1] Himachal Pradesh | weekend-from-Delhi/Chandigarh + honeymoon + offbeat circuits (Tirthan, Kinnaur, Chitkul) are long-tail; volvo-… | no public volume; included on intent/competition logic"
himachal tour package from chandigarh,commercial,IN,"[P1] Himachal Pradesh | weekend-from-Delhi/Chandigarh + honeymoon + offbeat circuits (Tirthan, Kinnaur, Chitkul) are long-tail; volvo-… | no public volume; included on intent/competition logic"
shimla manali tour package,commercial,IN,"[P1] Himachal Pradesh | weekend-from-Delhi/Chandigarh + honeymoon + offbeat circuits (Tirthan, Kinnaur, Chitkul) are long-tail; volvo-… | no public volume; included on intent/competition logic"
shimla manali honeymoon package,commercial,IN,"[P1] Himachal Pradesh | weekend-from-Delhi/Chandigarh + honeymoon + offbeat circuits (Tirthan, Kinnaur, Chitkul) are long-tail; volvo-… | no public volume; included on intent/competition logic"
shimla manali tour package from delhi,commercial,IN,"[P1] Himachal Pradesh | weekend-from-Delhi/Chandigarh + honeymoon + offbeat circuits (Tirthan, Kinnaur, Chitkul) are long-tail; volvo-… | no public volume; included on intent/competition logic"
shimla tour package,commercial,IN,"[P2] Himachal Pradesh | weekend-from-Delhi/Chandigarh + honeymoon + offbeat circuits (Tirthan, Kinnaur, Chitkul) are long-tail; volvo-… | no public volume; included on intent/competition logic"
manali tour package,commercial,IN,"[P2] Himachal Pradesh | weekend-from-Delhi/Chandigarh + honeymoon + offbeat circuits (Tirthan, Kinnaur, Chitkul) are long-tail; volvo-… | no public volume; included on intent/competition logic"
manali honeymoon package under 20000,commercial,IN,"[P1] Himachal Pradesh | weekend-from-Delhi/Chandigarh + honeymoon + offbeat circuits (Tirthan, Kinnaur, Chitkul) are long-tail; volvo-… | no public volume; included on intent/competition logic"
himachal family tour package,commercial,IN,"[P1] Himachal Pradesh | weekend-from-Delhi/Chandigarh + honeymoon + offbeat circuits (Tirthan, Kinnaur, Chitkul) are long-tail; volvo-… | no public volume; included on intent/competition logic"
himachal tour package 5 days,commercial,IN,"[P1] Himachal Pradesh | weekend-from-Delhi/Chandigarh + honeymoon + offbeat circuits (Tirthan, Kinnaur, Chitkul) are long-tail; volvo-… | no public volume; included on intent/competition logic"
himachal tour package 6 days,commercial,IN,"[P1] Himachal Pradesh | weekend-from-Delhi/Chandigarh + honeymoon + offbeat circuits (Tirthan, Kinnaur, Chitkul) are long-tail; volvo-… | no public volume; included on intent/competition logic"
dalhousie dharamshala tour package,commercial,IN,"[P1] Himachal Pradesh | weekend-from-Delhi/Chandigarh + honeymoon + offbeat circuits (Tirthan, Kinnaur, Chitkul) are long-tail; volvo-… | no public volume; included on intent/competition logic"
dharamshala mcleodganj tour package,commercial,IN,"[P1] Himachal Pradesh | weekend-from-Delhi/Chandigarh + honeymoon + offbeat circuits (Tirthan, Kinnaur, Chitkul) are long-tail; volvo-… | no public volume; included on intent/competition logic"
tirthan valley tour package,commercial,IN,"[P1] Himachal Pradesh | weekend-from-Delhi/Chandigarh + honeymoon + offbeat circuits (Tirthan, Kinnaur, Chitkul) are long-tail; volvo-… | no public volume; included on intent/competition logic"
kinnaur tour package,commercial,IN,"[P2] Himachal Pradesh | weekend-from-Delhi/Chandigarh + honeymoon + offbeat circuits (Tirthan, Kinnaur, Chitkul) are long-tail; volvo-… | no public volume; included on intent/competition logic"
kinnaur spiti circuit package,commercial,FR,"[P1] Himachal Pradesh | weekend-from-Delhi/Chandigarh + honeymoon + offbeat circuits (Tirthan, Kinnaur, Chitkul) are long-tail; volvo-… | no public volume; included on intent/competition logic"
chitkul tour package,commercial,IN,"[P2] Himachal Pradesh | weekend-from-Delhi/Chandigarh + honeymoon + offbeat circuits (Tirthan, Kinnaur, Chitkul) are long-tail; volvo-… | no public volume; included on intent/competition logic"
kasol manikaran tour package,commercial,IN,"[P1] Himachal Pradesh | weekend-from-Delhi/Chandigarh + honeymoon + offbeat circuits (Tirthan, Kinnaur, Chitkul) are long-tail; volvo-… | no public volume; included on intent/competition logic"
manali solang atal tunnel sissu tour,commercial,IN,"[P1] Himachal Pradesh | weekend-from-Delhi/Chandigarh + honeymoon + offbeat circuits (Tirthan, Kinnaur, Chitkul) are long-tail; volvo-… | no public volume; included on intent/competition logic"
himachal group tour,commercial,IN,"[P2] Himachal Pradesh | weekend-from-Delhi/Chandigarh + honeymoon + offbeat circuits (Tirthan, Kinnaur, Chitkul) are long-tail; volvo-… | no public volume; included on intent/competition logic"
himachal tour package under 15000,commercial,IN,"[P1] Himachal Pradesh | weekend-from-Delhi/Chandigarh + honeymoon + offbeat circuits (Tirthan, Kinnaur, Chitkul) are long-tail; volvo-… | no public volume; included on intent/competition logic"
himachal tour package under 25000,commercial,IN,"[P1] Himachal Pradesh | weekend-from-Delhi/Chandigarh + honeymoon + offbeat circuits (Tirthan, Kinnaur, Chitkul) are long-tail; volvo-… | no public volume; included on intent/competition logic"
manali volvo package from delhi,transactional,IN,"[P1] Himachal Pradesh | weekend-from-Delhi/Chandigarh + honeymoon + offbeat circuits (Tirthan, Kinnaur, Chitkul) are long-tail; volvo-… | no public volume; included on intent/competition logic"
shimla toy train booking,informational,IN,"[P1] Himachal Pradesh | weekend-from-Delhi/Chandigarh + honeymoon + offbeat circuits (Tirthan, Kinnaur, Chitkul) are long-tail; volvo-… | no public volume; included on intent/competition logic"
best time to visit manali,informational,IN,"[P1] Himachal Pradesh | weekend-from-Delhi/Chandigarh + honeymoon + offbeat circuits (Tirthan, Kinnaur, Chitkul) are long-tail; volvo-… | no public volume; included on intent/competition logic"
best time to visit shimla,informational,IN,"[P1] Himachal Pradesh | weekend-from-Delhi/Chandigarh + honeymoon + offbeat circuits (Tirthan, Kinnaur, Chitkul) are long-tail; volvo-… | no public volume; included on intent/competition logic"
manali in december package,commercial,IN,"[P1] Himachal Pradesh | weekend-from-Delhi/Chandigarh + honeymoon + offbeat circuits (Tirthan, Kinnaur, Chitkul) are long-tail; volvo-… | no public volume; included on intent/competition logic"
kasol kheerganga trek package,commercial,IN,"[P1] Himachal Pradesh | weekend-from-Delhi/Chandigarh + honeymoon + offbeat circuits (Tirthan, Kinnaur, Chitkul) are long-tail; volvo-… | no public volume; included on intent/competition logic"
triund trek package from mcleodganj,commercial,IN,"[P1] Himachal Pradesh | weekend-from-Delhi/Chandigarh + honeymoon + offbeat circuits (Tirthan, Kinnaur, Chitkul) are long-tail; volvo-… | no public volume; included on intent/competition logic"
bir billing paragliding price,commercial,IN,"[P1] Himachal Pradesh | weekend-from-Delhi/Chandigarh + honeymoon + offbeat circuits (Tirthan, Kinnaur, Chitkul) are long-tail; volvo-… | no public volume; included on intent/competition logic"
paragliding in bir billing package,commercial,IN,"[P1] Himachal Pradesh | weekend-from-Delhi/Chandigarh + honeymoon + offbeat circuits (Tirthan, Kinnaur, Chitkul) are long-tail; volvo-… | no public volume; included on intent/competition logic"
char dham yatra package,commercial,IN,[P1] Uttarakhand | Char Dham registration/permit freshness + departure-city pilgrimage combos + trek departure-point queries (fro… | no public volume; included on intent/competition logic
char dham yatra package from haridwar,commercial,IN,[P1] Uttarakhand | Char Dham registration/permit freshness + departure-city pilgrimage combos + trek departure-point queries (fro… | no public volume; included on intent/competition logic
char dham yatra package from delhi,commercial,IN,[P1] Uttarakhand | Char Dham registration/permit freshness + departure-city pilgrimage combos + trek departure-point queries (fro… | no public volume; included on intent/competition logic
char dham yatra package from dehradun,commercial,IN,[P1] Uttarakhand | Char Dham registration/permit freshness + departure-city pilgrimage combos + trek departure-point queries (fro… | no public volume; included on intent/competition logic
char dham yatra registration,informational,IN,[P1] Uttarakhand | Char Dham registration/permit freshness + departure-city pilgrimage combos + trek departure-point queries (fro… | no public volume; included on intent/competition logic
char dham yatra cost,commercial,IN,[P1] Uttarakhand | Char Dham registration/permit freshness + departure-city pilgrimage combos + trek departure-point queries (fro… | no public volume; included on intent/competition logic
char dham yatra by helicopter package,commercial,IN,[P1] Uttarakhand | Char Dham registration/permit freshness + departure-city pilgrimage combos + trek departure-point queries (fro… | no public volume; included on intent/competition logic
kedarnath tour package,commercial,IN,[P2] Uttarakhand | Char Dham registration/permit freshness + departure-city pilgrimage combos + trek departure-point queries (fro… | no public volume; included on intent/competition logic
kedarnath yatra package from delhi,commercial,IN,[P1] Uttarakhand | Char Dham registration/permit freshness + departure-city pilgrimage combos + trek departure-point queries (fro… | no public volume; included on intent/competition logic
kedarnath yatra package from haridwar,commercial,IN,[P1] Uttarakhand | Char Dham registration/permit freshness + departure-city pilgrimage combos + trek departure-point queries (fro… | no public volume; included on intent/competition logic
kedarnath helicopter booking,transactional,IN,[P1] Uttarakhand | Char Dham registration/permit freshness + departure-city pilgrimage combos + trek departure-point queries (fro… | no public volume; included on intent/competition logic
phata to kedarnath helicopter price,informational,IN,[P1] Uttarakhand | Char Dham registration/permit freshness + departure-city pilgrimage combos + trek departure-point queries (fro… | no public volume; included on intent/competition logic
sersi to kedarnath helicopter price,informational,IN,[P1] Uttarakhand | Char Dham registration/permit freshness + departure-city pilgrimage combos + trek departure-point queries (fro… | no public volume; included on intent/competition logic
guptkashi to kedarnath helicopter price,informational,IN,[P1] Uttarakhand | Char Dham registration/permit freshness + departure-city pilgrimage combos + trek departure-point queries (fro… | no public volume; included on intent/competition logic
kedarnath trek package,commercial,IN,[P2] Uttarakhand | Char Dham registration/permit freshness + departure-city pilgrimage combos + trek departure-point queries (fro… | no public volume; included on intent/competition logic
kedarnath yatra registration,informational,IN,[P1] Uttarakhand | Char Dham registration/permit freshness + departure-city pilgrimage combos + trek departure-point queries (fro… | no public volume; included on intent/competition logic
badrinath tour package,commercial,IN,[P2] Uttarakhand | Char Dham registration/permit freshness + departure-city pilgrimage combos + trek departure-point queries (fro… | no public volume; included on intent/competition logic
kedarnath badrinath do dham yatra package,commercial,IN,[P1] Uttarakhand | Char Dham registration/permit freshness + departure-city pilgrimage combos + trek departure-point queries (fro… | no public volume; included on intent/competition logic
yamunotri gangotri tour package,commercial,IN,[P1] Uttarakhand | Char Dham registration/permit freshness + departure-city pilgrimage combos + trek departure-point queries (fro… | no public volume; included on intent/competition logic
haridwar rishikesh tour package,commercial,IN,[P1] Uttarakhand | Char Dham registration/permit freshness + departure-city pilgrimage combos + trek departure-point queries (fro… | no public volume; included on intent/competition logic
haridwar rishikesh mussoorie tour package,commercial,IN,[P1] Uttarakhand | Char Dham registration/permit freshness + departure-city pilgrimage combos + trek departure-point queries (fro… | no public volume; included on intent/competition logic
rishikesh tour package,commercial,IN,[P2] Uttarakhand | Char Dham registration/permit freshness + departure-city pilgrimage combos + trek departure-point queries (fro… | no public volume; included on intent/competition logic
rishikesh rafting package,commercial,IN,[P2] Uttarakhand | Char Dham registration/permit freshness + departure-city pilgrimage combos + trek departure-point queries (fro… | no public volume; included on intent/competition logic
rishikesh rafting 16 km price,commercial,IN,[P1] Uttarakhand | Char Dham registration/permit freshness + departure-city pilgrimage combos + trek departure-point queries (fro… | no public volume; included on intent/competition logic
rishikesh rafting 9 km price,commercial,IN,[P1] Uttarakhand | Char Dham registration/permit freshness + departure-city pilgrimage combos + trek departure-point queries (fro… | no public volume; included on intent/competition logic
rishikesh camping and rafting package,commercial,IN,[P1] Uttarakhand | Char Dham registration/permit freshness + departure-city pilgrimage combos + trek departure-point queries (fro… | no public volume; included on intent/competition logic
mussoorie tour package,commercial,IN,[P2] Uttarakhand | Char Dham registration/permit freshness + departure-city pilgrimage combos + trek departure-point queries (fro… | no public volume; included on intent/competition logic
mussoorie dhanaulti tour package,commercial,IN,[P1] Uttarakhand | Char Dham registration/permit freshness + departure-city pilgrimage combos + trek departure-point queries (fro… | no public volume; included on intent/competition logic
nainital tour package,commercial,IN,[P2] Uttarakhand | Char Dham registration/permit freshness + departure-city pilgrimage combos + trek departure-point queries (fro… | no public volume; included on intent/competition logic
nainital jim corbett tour package,commercial,IN,[P1] Uttarakhand | Char Dham registration/permit freshness + departure-city pilgrimage combos + trek departure-point queries (fro… | no public volume; included on intent/competition logic
jim corbett tour package,commercial,IN,[P1] Uttarakhand | Char Dham registration/permit freshness + departure-city pilgrimage combos + trek departure-point queries (fro… | no public volume; included on intent/competition logic
jim corbett safari booking,transactional,IN,[P1] Uttarakhand | Char Dham registration/permit freshness + departure-city pilgrimage combos + trek departure-point queries (fro… | no public volume; included on intent/competition logic
jim corbett safari price,commercial,IN,[P1] Uttarakhand | Char Dham registration/permit freshness + departure-city pilgrimage combos + trek departure-point queries (fro… | no public volume; included on intent/competition logic
dhikala safari booking,transactional,IN,[P1] Uttarakhand | Char Dham registration/permit freshness + departure-city pilgrimage combos + trek departure-point queries (fro… | no public volume; included on intent/competition logic
bijrani safari zone booking,transactional,IN,[P1] Uttarakhand | Char Dham registration/permit freshness + departure-city pilgrimage combos + trek departure-point queries (fro… | no public volume; included on intent/competition logic
jhirna safari booking,transactional,IN,[P1] Uttarakhand | Char Dham registration/permit freshness + departure-city pilgrimage combos + trek departure-point queries (fro… | no public volume; included on intent/competition logic
jim corbett jeep safari vs canter safari,informational,IN,[P1] Uttarakhand | Char Dham registration/permit freshness + departure-city pilgrimage combos + trek departure-point queries (fro… | no public volume; included on intent/competition logic
auli tour package,commercial,IN,[P2] Uttarakhand | Char Dham registration/permit freshness + departure-city pilgrimage combos + trek departure-point queries (fro… | no public volume; included on intent/competition logic
auli skiing package price,commercial,IN,[P1] Uttarakhand | Char Dham registration/permit freshness + departure-city pilgrimage combos + trek departure-point queries (fro… | no public volume; included on intent/competition logic
chopta tungnath trek package,commercial,IN,[P1] Uttarakhand | Char Dham registration/permit freshness + departure-city pilgrimage combos + trek departure-point queries (fro… | no public volume; included on intent/competition logic
chopta tungnath trek from delhi,commercial,IN,[P1] Uttarakhand | Char Dham registration/permit freshness + departure-city pilgrimage combos + trek departure-point queries (fro… | no public volume; included on intent/competition logic
tungnath trek from rishikesh,commercial,IN,[P1] Uttarakhand | Char Dham registration/permit freshness + departure-city pilgrimage combos + trek departure-point queries (fro… | no public volume; included on intent/competition logic
tungnath package from dehradun,commercial,IN,[P1] Uttarakhand | Char Dham registration/permit freshness + departure-city pilgrimage combos + trek departure-point queries (fro… | no public volume; included on intent/competition logic
chandrashila trek package,commercial,IN,[P2] Uttarakhand | Char Dham registration/permit freshness + departure-city pilgrimage combos + trek departure-point queries (fro… | no public volume; included on intent/competition logic
deoriatal chandrashila trek package,commercial,IN,[P1] Uttarakhand | Char Dham registration/permit freshness + departure-city pilgrimage combos + trek departure-point queries (fro… | no public volume; included on intent/competition logic
valley of flowers trek package,commercial,IN,[P1] Uttarakhand | Char Dham registration/permit freshness + departure-city pilgrimage combos + trek departure-point queries (fro… | no public volume; included on intent/competition logic
kedarkantha trek package,commercial,IN,[P2] Uttarakhand | Char Dham registration/permit freshness + departure-city pilgrimage combos + trek departure-point queries (fro… | no public volume; included on intent/competition logic
dayara bugyal trek package,commercial,IN,[P1] Uttarakhand | Char Dham registration/permit freshness + departure-city pilgrimage combos + trek departure-point queries (fro… | no public volume; included on intent/competition logic
har ki dun trek package,commercial,IN,[P1] Uttarakhand | Char Dham registration/permit freshness + departure-city pilgrimage combos + trek departure-point queries (fro… | no public volume; included on intent/competition logic
uttarakhand honeymoon package,commercial,IN,[P2] Uttarakhand | Char Dham registration/permit freshness + departure-city pilgrimage combos + trek departure-point queries (fro… | no public volume; included on intent/competition logic
uttarakhand family tour package,commercial,IN,[P1] Uttarakhand | Char Dham registration/permit freshness + departure-city pilgrimage combos + trek departure-point queries (fro… | no public volume; included on intent/competition logic
uttarakhand tour package from delhi,commercial,IN,[P1] Uttarakhand | Char Dham registration/permit freshness + departure-city pilgrimage combos + trek departure-point queries (fro… | no public volume; included on intent/competition logic
ladakh tour packages,commercial,IN;US;UK;AU,"[P2] Ladakh | route + vehicle + permit specificity (leh–nubra–pangong, bike vs tempo traveller) and the short season window … | no public volume; included on intent/competition logic"
leh ladakh tour package,commercial,IN;US;UK;AU,"[P1] Ladakh | route + vehicle + permit specificity (leh–nubra–pangong, bike vs tempo traveller) and the short season window … | no public volume; included on intent/competition logic"
leh ladakh bike trip package,commercial,IN;US;UK;AU,"[P1] Ladakh | route + vehicle + permit specificity (leh–nubra–pangong, bike vs tempo traveller) and the short season window … | no public volume; included on intent/competition logic"
leh ladakh tour package from delhi,commercial,IN;US;UK;AU,"[P1] Ladakh | route + vehicle + permit specificity (leh–nubra–pangong, bike vs tempo traveller) and the short season window … | no public volume; included on intent/competition logic"
leh ladakh tour package from srinagar,commercial,IN;US;UK;AU,"[P1] Ladakh | route + vehicle + permit specificity (leh–nubra–pangong, bike vs tempo traveller) and the short season window … | no public volume; included on intent/competition logic"
leh ladakh tour package from manali,commercial,IN;US;UK;AU,"[P1] Ladakh | route + vehicle + permit specificity (leh–nubra–pangong, bike vs tempo traveller) and the short season window … | no public volume; included on intent/competition logic"
leh to leh tour package,commercial,IN;US;UK;AU,"[P1] Ladakh | route + vehicle + permit specificity (leh–nubra–pangong, bike vs tempo traveller) and the short season window … | no public volume; included on intent/competition logic"
manali to leh tour package,commercial,IN;US;UK;AU,"[P1] Ladakh | route + vehicle + permit specificity (leh–nubra–pangong, bike vs tempo traveller) and the short season window … | no public volume; included on intent/competition logic"
srinagar to leh tour package,commercial,IN;US;UK;AU,"[P1] Ladakh | route + vehicle + permit specificity (leh–nubra–pangong, bike vs tempo traveller) and the short season window … | no public volume; included on intent/competition logic"
leh nubra pangong tour package,commercial,IN;US;UK;AU,"[P1] Ladakh | route + vehicle + permit specificity (leh–nubra–pangong, bike vs tempo traveller) and the short season window … | no public volume; included on intent/competition logic"
leh nubra pangong tso moriri package,commercial,IN;US;UK;AU,"[P1] Ladakh | route + vehicle + permit specificity (leh–nubra–pangong, bike vs tempo traveller) and the short season window … | no public volume; included on intent/competition logic"
leh hanle umling la tour package,commercial,IN;US;UK;AU,"[P1] Ladakh | route + vehicle + permit specificity (leh–nubra–pangong, bike vs tempo traveller) and the short season window … | no public volume; included on intent/competition logic"
ladakh family tour package,commercial,IN;US;UK;AU,"[P1] Ladakh | route + vehicle + permit specificity (leh–nubra–pangong, bike vs tempo traveller) and the short season window … | no public volume; included on intent/competition logic"
ladakh honeymoon package,commercial,IN;US;UK;AU,"[P2] Ladakh | route + vehicle + permit specificity (leh–nubra–pangong, bike vs tempo traveller) and the short season window … | no public volume; included on intent/competition logic"
ladakh budget tour package,commercial,IN;US;UK;AU,"[P1] Ladakh | route + vehicle + permit specificity (leh–nubra–pangong, bike vs tempo traveller) and the short season window … | no public volume; included on intent/competition logic"
ladakh tour package under 30000,commercial,IN;US;UK;AU,"[P1] Ladakh | route + vehicle + permit specificity (leh–nubra–pangong, bike vs tempo traveller) and the short season window … | no public volume; included on intent/competition logic"
ladakh group departures,commercial,IN;US;UK;AU,"[P2] Ladakh | route + vehicle + permit specificity (leh–nubra–pangong, bike vs tempo traveller) and the short season window … | no public volume; included on intent/competition logic"
ladakh bike trip cost,commercial,IN;US;UK;AU,"[P1] Ladakh | route + vehicle + permit specificity (leh–nubra–pangong, bike vs tempo traveller) and the short season window … | no public volume; included on intent/competition logic"
royal enfield ladakh package,commercial,IN;US;UK;AU,"[P1] Ladakh | route + vehicle + permit specificity (leh–nubra–pangong, bike vs tempo traveller) and the short season window … | no public volume; included on intent/competition logic"
ladakh with hanle tour,commercial,IN;US;UK;AU,"[P1] Ladakh | route + vehicle + permit specificity (leh–nubra–pangong, bike vs tempo traveller) and the short season window … | no public volume; included on intent/competition logic"
best time to visit ladakh,informational,IN;US;UK;AU,"[P1] Ladakh | route + vehicle + permit specificity (leh–nubra–pangong, bike vs tempo traveller) and the short season window … | no public volume; included on intent/competition logic"
ladakh in june package,commercial,IN;US;UK;AU,"[P1] Ladakh | route + vehicle + permit specificity (leh–nubra–pangong, bike vs tempo traveller) and the short season window … | no public volume; included on intent/competition logic"
ladakh in september package,commercial,IN;US;UK;AU,"[P1] Ladakh | route + vehicle + permit specificity (leh–nubra–pangong, bike vs tempo traveller) and the short season window … | no public volume; included on intent/competition logic"
ladakh winter tour package,commercial,IN;US;UK;AU,"[P1] Ladakh | route + vehicle + permit specificity (leh–nubra–pangong, bike vs tempo traveller) and the short season window … | no public volume; included on intent/competition logic"
pangong lake camping package,commercial,IN;US;UK;AU,"[P1] Ladakh | route + vehicle + permit specificity (leh–nubra–pangong, bike vs tempo traveller) and the short season window … | no public volume; included on intent/competition logic"
nubra valley tour package,commercial,IN;US;UK;AU,"[P1] Ladakh | route + vehicle + permit specificity (leh–nubra–pangong, bike vs tempo traveller) and the short season window … | no public volume; included on intent/competition logic"
khardung la tour package,commercial,IN;US;UK;AU,"[P1] Ladakh | route + vehicle + permit specificity (leh–nubra–pangong, bike vs tempo traveller) and the short season window … | no public volume; included on intent/competition logic"
ladakh inner line permit,informational,IN;US;UK;AU,"[P1] Ladakh | route + vehicle + permit specificity (leh–nubra–pangong, bike vs tempo traveller) and the short season window … | no public volume; included on intent/competition logic"
ladakh tour package 6 days,commercial,IN;US;UK;AU,"[P1] Ladakh | route + vehicle + permit specificity (leh–nubra–pangong, bike vs tempo traveller) and the short season window … | no public volume; included on intent/competition logic"
ladakh tour package 7 days,commercial,IN;US;UK;AU,"[P1] Ladakh | route + vehicle + permit specificity (leh–nubra–pangong, bike vs tempo traveller) and the short season window … | no public volume; included on intent/competition logic"
ladakh luxury tour package,commercial,IN;US;UK;AU,"[P1] Ladakh | route + vehicle + permit specificity (leh–nubra–pangong, bike vs tempo traveller) and the short season window … | no public volume; included on intent/competition logic"
ladakh senior citizen tour package,commercial,IN;US;UK;AU,"[P1] Ladakh | route + vehicle + permit specificity (leh–nubra–pangong, bike vs tempo traveller) and the short season window … | no public volume; included on intent/competition logic"
ladakh road trip by tempo traveller,commercial,IN;US;UK;AU,"[P1] Ladakh | route + vehicle + permit specificity (leh–nubra–pangong, bike vs tempo traveller) and the short season window … | no public volume; included on intent/competition logic"
spiti valley tour package,commercial,IN,[P1] Spiti Valley | circuit-specific expedition positioning; big brands barely compete here — forums and small operators dominate. | no public volume; included on intent/competition logic
spiti valley bike trip,commercial,IN,[P1] Spiti Valley | circuit-specific expedition positioning; big brands barely compete here — forums and small operators dominate. | no public volume; included on intent/competition logic
spiti full circuit package,commercial,FR,[P1] Spiti Valley | circuit-specific expedition positioning; big brands barely compete here — forums and small operators dominate. | no public volume; included on intent/competition logic
shimla to spiti tour package,commercial,IN,[P1] Spiti Valley | circuit-specific expedition positioning; big brands barely compete here — forums and small operators dominate. | no public volume; included on intent/competition logic
manali to spiti tour package,commercial,IN,[P1] Spiti Valley | circuit-specific expedition positioning; big brands barely compete here — forums and small operators dominate. | no public volume; included on intent/competition logic
spiti valley tour from delhi,commercial,IN,[P1] Spiti Valley | circuit-specific expedition positioning; big brands barely compete here — forums and small operators dominate. | no public volume; included on intent/competition logic
spiti valley tour from chandigarh,commercial,IN,[P1] Spiti Valley | circuit-specific expedition positioning; big brands barely compete here — forums and small operators dominate. | no public volume; included on intent/competition logic
spiti winter expedition package,commercial,IN,[P1] Spiti Valley | circuit-specific expedition positioning; big brands barely compete here — forums and small operators dominate. | no public volume; included on intent/competition logic
spiti group departures,commercial,IN,[P2] Spiti Valley | circuit-specific expedition positioning; big brands barely compete here — forums and small operators dominate. | no public volume; included on intent/competition logic
spiti tour package cost,commercial,IN,[P1] Spiti Valley | circuit-specific expedition positioning; big brands barely compete here — forums and small operators dominate. | no public volume; included on intent/competition logic
spiti tour package under 25000,commercial,IN,[P1] Spiti Valley | circuit-specific expedition positioning; big brands barely compete here — forums and small operators dominate. | no public volume; included on intent/competition logic
chandratal lake tour package,commercial,IN,[P1] Spiti Valley | circuit-specific expedition positioning; big brands barely compete here — forums and small operators dominate. | no public volume; included on intent/competition logic
kaza tour package,commercial,IN,[P2] Spiti Valley | circuit-specific expedition positioning; big brands barely compete here — forums and small operators dominate. | no public volume; included on intent/competition logic
key kibber chicham tour package,commercial,IN,[P1] Spiti Valley | circuit-specific expedition positioning; big brands barely compete here — forums and small operators dominate. | no public volume; included on intent/competition logic
spiti bike trip cost royal enfield,commercial,IN,[P1] Spiti Valley | circuit-specific expedition positioning; big brands barely compete here — forums and small operators dominate. | no public volume; included on intent/competition logic
best time to visit spiti valley,informational,IN,[P1] Spiti Valley | circuit-specific expedition positioning; big brands barely compete here — forums and small operators dominate. | no public volume; included on intent/competition logic
spiti valley in june,informational,IN,[P1] Spiti Valley | circuit-specific expedition positioning; big brands barely compete here — forums and small operators dominate. | no public volume; included on intent/competition logic
spiti valley in september,informational,IN,[P1] Spiti Valley | circuit-specific expedition positioning; big brands barely compete here — forums and small operators dominate. | no public volume; included on intent/competition logic
spiti valley in winter,informational,IN,[P1] Spiti Valley | circuit-specific expedition positioning; big brands barely compete here — forums and small operators dominate. | no public volume; included on intent/competition logic
spiti valley road trip itinerary 7 days,informational,IN,[P1] Spiti Valley | circuit-specific expedition positioning; big brands barely compete here — forums and small operators dominate. | no public volume; included on intent/competition logic
spiti valley with chitkul package,commercial,IN,[P1] Spiti Valley | circuit-specific expedition positioning; big brands barely compete here — forums and small operators dominate. | no public volume; included on intent/competition logic
kinnaur spiti tour package,commercial,IN,[P1] Spiti Valley | circuit-specific expedition positioning; big brands barely compete here — forums and small operators dominate. | no public volume; included on intent/competition logic
spiti valley by car package,commercial,IN,[P1] Spiti Valley | circuit-specific expedition positioning; big brands barely compete here — forums and small operators dominate. | no public volume; included on intent/competition logic
northeast tour packages,commercial,IN,[P2] Northeast India | exact multi-stop circuits (shillong–cherrapunji–mawlynnong–dawki; gangtok–lachen–lachung) match itinerary page… | no public volume; included on intent/competition logic
northeast tour package from kolkata,commercial,IN,[P1] Northeast India | exact multi-stop circuits (shillong–cherrapunji–mawlynnong–dawki; gangtok–lachen–lachung) match itinerary page… | no public volume; included on intent/competition logic
northeast tour package from guwahati,commercial,IN,[P1] Northeast India | exact multi-stop circuits (shillong–cherrapunji–mawlynnong–dawki; gangtok–lachen–lachung) match itinerary page… | no public volume; included on intent/competition logic
northeast tour package from delhi,commercial,IN,[P1] Northeast India | exact multi-stop circuits (shillong–cherrapunji–mawlynnong–dawki; gangtok–lachen–lachung) match itinerary page… | no public volume; included on intent/competition logic
shillong tour package,commercial,IN,[P2] Northeast India | exact multi-stop circuits (shillong–cherrapunji–mawlynnong–dawki; gangtok–lachen–lachung) match itinerary page… | no public volume; included on intent/competition logic
shillong cherrapunji mawlynnong dawki package,commercial,IN,[P1] Northeast India | exact multi-stop circuits (shillong–cherrapunji–mawlynnong–dawki; gangtok–lachen–lachung) match itinerary page… | no public volume; included on intent/competition logic
meghalaya tour package,commercial,IN,[P2] Northeast India | exact multi-stop circuits (shillong–cherrapunji–mawlynnong–dawki; gangtok–lachen–lachung) match itinerary page… | no public volume; included on intent/competition logic
meghalaya honeymoon package,commercial,IN,[P2] Northeast India | exact multi-stop circuits (shillong–cherrapunji–mawlynnong–dawki; gangtok–lachen–lachung) match itinerary page… | no public volume; included on intent/competition logic
sikkim tour package,commercial,IN,[P2] Northeast India | exact multi-stop circuits (shillong–cherrapunji–mawlynnong–dawki; gangtok–lachen–lachung) match itinerary page… | no public volume; included on intent/competition logic
sikkim tour package cost,commercial,IN,[P1] Northeast India | exact multi-stop circuits (shillong–cherrapunji–mawlynnong–dawki; gangtok–lachen–lachung) match itinerary page… | no public volume; included on intent/competition logic
sikkim tour package under 25000,commercial,IN,[P1] Northeast India | exact multi-stop circuits (shillong–cherrapunji–mawlynnong–dawki; gangtok–lachen–lachung) match itinerary page… | no public volume; included on intent/competition logic
gangtok lachen lachung tour package,commercial,IN,[P1] Northeast India | exact multi-stop circuits (shillong–cherrapunji–mawlynnong–dawki; gangtok–lachen–lachung) match itinerary page… | no public volume; included on intent/competition logic
gangtok pelling darjeeling tour package,commercial,IN,[P1] Northeast India | exact multi-stop circuits (shillong–cherrapunji–mawlynnong–dawki; gangtok–lachen–lachung) match itinerary page… | no public volume; included on intent/competition logic
north sikkim tour package,commercial,IN,[P1] Northeast India | exact multi-stop circuits (shillong–cherrapunji–mawlynnong–dawki; gangtok–lachen–lachung) match itinerary page… | no public volume; included on intent/competition logic
gurudongmar lake tour package,commercial,IN,[P1] Northeast India | exact multi-stop circuits (shillong–cherrapunji–mawlynnong–dawki; gangtok–lachen–lachung) match itinerary page… | no public volume; included on intent/competition logic
nathula pass tour package,commercial,IN,[P1] Northeast India | exact multi-stop circuits (shillong–cherrapunji–mawlynnong–dawki; gangtok–lachen–lachung) match itinerary page… | no public volume; included on intent/competition logic
yumthang valley tour package,commercial,IN,[P1] Northeast India | exact multi-stop circuits (shillong–cherrapunji–mawlynnong–dawki; gangtok–lachen–lachung) match itinerary page… | no public volume; included on intent/competition logic
sikkim honeymoon package,commercial,IN,[P2] Northeast India | exact multi-stop circuits (shillong–cherrapunji–mawlynnong–dawki; gangtok–lachen–lachung) match itinerary page… | no public volume; included on intent/competition logic
darjeeling tour package,commercial,IN,[P2] Northeast India | exact multi-stop circuits (shillong–cherrapunji–mawlynnong–dawki; gangtok–lachen–lachung) match itinerary page… | no public volume; included on intent/competition logic
darjeeling gangtok tour package,commercial,IN,[P1] Northeast India | exact multi-stop circuits (shillong–cherrapunji–mawlynnong–dawki; gangtok–lachen–lachung) match itinerary page… | no public volume; included on intent/competition logic
kaziranga tour package,commercial,IN,[P2] Northeast India | exact multi-stop circuits (shillong–cherrapunji–mawlynnong–dawki; gangtok–lachen–lachung) match itinerary page… | no public volume; included on intent/competition logic
kaziranga safari booking price,commercial,IN,[P1] Northeast India | exact multi-stop circuits (shillong–cherrapunji–mawlynnong–dawki; gangtok–lachen–lachung) match itinerary page… | no public volume; included on intent/competition logic
assam meghalaya tour package,commercial,IN,[P1] Northeast India | exact multi-stop circuits (shillong–cherrapunji–mawlynnong–dawki; gangtok–lachen–lachung) match itinerary page… | no public volume; included on intent/competition logic
guwahati shillong tour package,commercial,IN,[P1] Northeast India | exact multi-stop circuits (shillong–cherrapunji–mawlynnong–dawki; gangtok–lachen–lachung) match itinerary page… | no public volume; included on intent/competition logic
guwahati shillong kaziranga tour package,commercial,IN,[P1] Northeast India | exact multi-stop circuits (shillong–cherrapunji–mawlynnong–dawki; gangtok–lachen–lachung) match itinerary page… | no public volume; included on intent/competition logic
tawang tour package,commercial,IN,[P2] Northeast India | exact multi-stop circuits (shillong–cherrapunji–mawlynnong–dawki; gangtok–lachen–lachung) match itinerary page… | no public volume; included on intent/competition logic
guwahati dirang tawang bomdila package,commercial,IN,[P1] Northeast India | exact multi-stop circuits (shillong–cherrapunji–mawlynnong–dawki; gangtok–lachen–lachung) match itinerary page… | no public volume; included on intent/competition logic
arunachal pradesh tour package,commercial,IN,[P1] Northeast India | exact multi-stop circuits (shillong–cherrapunji–mawlynnong–dawki; gangtok–lachen–lachung) match itinerary page… | no public volume; included on intent/competition logic
ziro valley tour package,commercial,IN,[P1] Northeast India | exact multi-stop circuits (shillong–cherrapunji–mawlynnong–dawki; gangtok–lachen–lachung) match itinerary page… | no public volume; included on intent/competition logic
majuli island tour package,commercial,IN,[P1] Northeast India | exact multi-stop circuits (shillong–cherrapunji–mawlynnong–dawki; gangtok–lachen–lachung) match itinerary page… | no public volume; included on intent/competition logic
dzukou valley trek package,commercial,IN,[P1] Northeast India | exact multi-stop circuits (shillong–cherrapunji–mawlynnong–dawki; gangtok–lachen–lachung) match itinerary page… | no public volume; included on intent/competition logic
dzukou valley trek from kohima,commercial,IN,[P1] Northeast India | exact multi-stop circuits (shillong–cherrapunji–mawlynnong–dawki; gangtok–lachen–lachung) match itinerary page… | no public volume; included on intent/competition logic
hornbill festival tour package,commercial,IN,[P1] Northeast India | exact multi-stop circuits (shillong–cherrapunji–mawlynnong–dawki; gangtok–lachen–lachung) match itinerary page… | no public volume; included on intent/competition logic
hornbill festival 2026 dates,informational,IN,[P1] Northeast India | exact multi-stop circuits (shillong–cherrapunji–mawlynnong–dawki; gangtok–lachen–lachung) match itinerary page… | no public volume; included on intent/competition logic
nagaland tour package,commercial,IN,[P2] Northeast India | exact multi-stop circuits (shillong–cherrapunji–mawlynnong–dawki; gangtok–lachen–lachung) match itinerary page… | no public volume; included on intent/competition logic
northeast honeymoon package,commercial,IN,[P2] Northeast India | exact multi-stop circuits (shillong–cherrapunji–mawlynnong–dawki; gangtok–lachen–lachung) match itinerary page… | no public volume; included on intent/competition logic
northeast group tour,commercial,IN,[P2] Northeast India | exact multi-stop circuits (shillong–cherrapunji–mawlynnong–dawki; gangtok–lachen–lachung) match itinerary page… | no public volume; included on intent/competition logic
living root bridge trek package nongriat,commercial,IN,[P1] Northeast India | exact multi-stop circuits (shillong–cherrapunji–mawlynnong–dawki; gangtok–lachen–lachung) match itinerary page… | no public volume; included on intent/competition logic
krang suri falls tour,informational,IN,[P1] Northeast India | exact multi-stop circuits (shillong–cherrapunji–mawlynnong–dawki; gangtok–lachen–lachung) match itinerary page… | no public volume; included on intent/competition logic
best time to visit meghalaya,informational,IN,[P1] Northeast India | exact multi-stop circuits (shillong–cherrapunji–mawlynnong–dawki; gangtok–lachen–lachung) match itinerary page… | no public volume; included on intent/competition logic
best time to visit sikkim,informational,IN,[P1] Northeast India | exact multi-stop circuits (shillong–cherrapunji–mawlynnong–dawki; gangtok–lachen–lachung) match itinerary page… | no public volume; included on intent/competition logic
best time to visit tawang,informational,IN,[P1] Northeast India | exact multi-stop circuits (shillong–cherrapunji–mawlynnong–dawki; gangtok–lachen–lachung) match itinerary page… | no public volume; included on intent/competition logic
gujarat tour packages,commercial,IN,[P2] Gujarat | Rann Utsav date-freshness + dwarka–somnath circuit + statue-of-unity combo pages; safari booking (Gir) is assi… | no public volume; included on intent/competition logic
gujarat tour package from ahmedabad,commercial,IN,[P1] Gujarat | Rann Utsav date-freshness + dwarka–somnath circuit + statue-of-unity combo pages; safari booking (Gir) is assi… | no public volume; included on intent/competition logic
gujarat tour package from mumbai,commercial,IN,[P1] Gujarat | Rann Utsav date-freshness + dwarka–somnath circuit + statue-of-unity combo pages; safari booking (Gir) is assi… | no public volume; included on intent/competition logic
gujarat tour package from delhi,commercial,IN,[P1] Gujarat | Rann Utsav date-freshness + dwarka–somnath circuit + statue-of-unity combo pages; safari booking (Gir) is assi… | no public volume; included on intent/competition logic
gujarat tour package from surat,commercial,IN,[P1] Gujarat | Rann Utsav date-freshness + dwarka–somnath circuit + statue-of-unity combo pages; safari booking (Gir) is assi… | no public volume; included on intent/competition logic
rann of kutch tour package,commercial,IN,[P1] Gujarat | Rann Utsav date-freshness + dwarka–somnath circuit + statue-of-unity combo pages; safari booking (Gir) is assi… | no public volume; included on intent/competition logic
rann utsav package,commercial,IN,[P2] Gujarat | Rann Utsav date-freshness + dwarka–somnath circuit + statue-of-unity combo pages; safari booking (Gir) is assi… | no public volume; included on intent/competition logic
rann utsav 2026-27 dates,informational,IN,[P1] Gujarat | Rann Utsav date-freshness + dwarka–somnath circuit + statue-of-unity combo pages; safari booking (Gir) is assi… | no public volume; included on intent/competition logic
rann utsav tent city booking price,commercial,IN,[P1] Gujarat | Rann Utsav date-freshness + dwarka–somnath circuit + statue-of-unity combo pages; safari booking (Gir) is assi… | no public volume; included on intent/competition logic
kutch tour package,commercial,IN,[P2] Gujarat | Rann Utsav date-freshness + dwarka–somnath circuit + statue-of-unity combo pages; safari booking (Gir) is assi… | no public volume; included on intent/competition logic
bhuj kutch tour package,commercial,IN,[P1] Gujarat | Rann Utsav date-freshness + dwarka–somnath circuit + statue-of-unity combo pages; safari booking (Gir) is assi… | no public volume; included on intent/competition logic
dwarka somnath tour package,commercial,IN,[P1] Gujarat | Rann Utsav date-freshness + dwarka–somnath circuit + statue-of-unity combo pages; safari booking (Gir) is assi… | no public volume; included on intent/competition logic
dwarka somnath gir tour package,commercial,IN,[P1] Gujarat | Rann Utsav date-freshness + dwarka–somnath circuit + statue-of-unity combo pages; safari booking (Gir) is assi… | no public volume; included on intent/competition logic
dwarka somnath statue of unity tour package,commercial,IN,[P1] Gujarat | Rann Utsav date-freshness + dwarka–somnath circuit + statue-of-unity combo pages; safari booking (Gir) is assi… | no public volume; included on intent/competition logic
somnath tour package,commercial,IN,[P2] Gujarat | Rann Utsav date-freshness + dwarka–somnath circuit + statue-of-unity combo pages; safari booking (Gir) is assi… | no public volume; included on intent/competition logic
dwarka tour package,commercial,IN,[P2] Gujarat | Rann Utsav date-freshness + dwarka–somnath circuit + statue-of-unity combo pages; safari booking (Gir) is assi… | no public volume; included on intent/competition logic
statue of unity tour package,commercial,IN,[P1] Gujarat | Rann Utsav date-freshness + dwarka–somnath circuit + statue-of-unity combo pages; safari booking (Gir) is assi… | no public volume; included on intent/competition logic
statue of unity ticket price,informational,IN,[P1] Gujarat | Rann Utsav date-freshness + dwarka–somnath circuit + statue-of-unity combo pages; safari booking (Gir) is assi… | no public volume; included on intent/competition logic
statue of unity one day tour from ahmedabad,commercial,IN,[P1] Gujarat | Rann Utsav date-freshness + dwarka–somnath circuit + statue-of-unity combo pages; safari booking (Gir) is assi… | no public volume; included on intent/competition logic
gir safari booking,transactional,IN,[P1] Gujarat | Rann Utsav date-freshness + dwarka–somnath circuit + statue-of-unity combo pages; safari booking (Gir) is assi… | no public volume; included on intent/competition logic
gir lion safari price,commercial,IN,[P1] Gujarat | Rann Utsav date-freshness + dwarka–somnath circuit + statue-of-unity combo pages; safari booking (Gir) is assi… | no public volume; included on intent/competition logic
sasan gir tour package,commercial,IN,[P1] Gujarat | Rann Utsav date-freshness + dwarka–somnath circuit + statue-of-unity combo pages; safari booking (Gir) is assi… | no public volume; included on intent/competition logic
diu tour package,commercial,IN,[P2] Gujarat | Rann Utsav date-freshness + dwarka–somnath circuit + statue-of-unity combo pages; safari booking (Gir) is assi… | no public volume; included on intent/competition logic
ahmedabad sightseeing tour package,commercial,IN,[P1] Gujarat | Rann Utsav date-freshness + dwarka–somnath circuit + statue-of-unity combo pages; safari booking (Gir) is assi… | no public volume; included on intent/competition logic
mandvi beach tour package,commercial,IN,[P1] Gujarat | Rann Utsav date-freshness + dwarka–somnath circuit + statue-of-unity combo pages; safari booking (Gir) is assi… | no public volume; included on intent/competition logic
dholavira tour package,commercial,IN,[P2] Gujarat | Rann Utsav date-freshness + dwarka–somnath circuit + statue-of-unity combo pages; safari booking (Gir) is assi… | no public volume; included on intent/competition logic
rani ki vav modhera tour package,commercial,IN,[P1] Gujarat | Rann Utsav date-freshness + dwarka–somnath circuit + statue-of-unity combo pages; safari booking (Gir) is assi… | no public volume; included on intent/competition logic
saputara tour package,commercial,IN,[P2] Gujarat | Rann Utsav date-freshness + dwarka–somnath circuit + statue-of-unity combo pages; safari booking (Gir) is assi… | no public volume; included on intent/competition logic
gujarat family tour package 6 days,commercial,IN,[P1] Gujarat | Rann Utsav date-freshness + dwarka–somnath circuit + statue-of-unity combo pages; safari booking (Gir) is assi… | no public volume; included on intent/competition logic
tamil nadu tour packages,commercial,IN;SG,[P1] Tamil Nadu / Karnataka / South temple circuits | departure-city (Bangalore/Chennai) + exact temple-circuit combos; tier-2 competition is weak and circuits matc… | no public volume; included on intent/competition logic
madurai rameshwaram kanyakumari tour package,commercial,IN;SG,[P1] Tamil Nadu / Karnataka / South temple circuits | departure-city (Bangalore/Chennai) + exact temple-circuit combos; tier-2 competition is weak and circuits matc… | no public volume; included on intent/competition logic
madurai rameshwaram kanyakumari tour package from bangalore,commercial,IN;SG,[P1] Tamil Nadu / Karnataka / South temple circuits | departure-city (Bangalore/Chennai) + exact temple-circuit combos; tier-2 competition is weak and circuits matc… | no public volume; included on intent/competition logic
madurai rameshwaram kanyakumari tour package from chennai,commercial,IN;SG,[P1] Tamil Nadu / Karnataka / South temple circuits | departure-city (Bangalore/Chennai) + exact temple-circuit combos; tier-2 competition is weak and circuits matc… | no public volume; included on intent/competition logic
rameshwaram tour package,commercial,IN;SG,[P2] Tamil Nadu / Karnataka / South temple circuits | departure-city (Bangalore/Chennai) + exact temple-circuit combos; tier-2 competition is weak and circuits matc… | no public volume; included on intent/competition logic
kanyakumari tour package,commercial,IN;SG,[P2] Tamil Nadu / Karnataka / South temple circuits | departure-city (Bangalore/Chennai) + exact temple-circuit combos; tier-2 competition is weak and circuits matc… | no public volume; included on intent/competition logic
tirupati tour package,commercial,IN;SG,[P2] Tamil Nadu / Karnataka / South temple circuits | departure-city (Bangalore/Chennai) + exact temple-circuit combos; tier-2 competition is weak and circuits matc… | no public volume; included on intent/competition logic
tirupati tour package from bangalore,commercial,IN;SG,[P1] Tamil Nadu / Karnataka / South temple circuits | departure-city (Bangalore/Chennai) + exact temple-circuit combos; tier-2 competition is weak and circuits matc… | no public volume; included on intent/competition logic
tirupati tour package from chennai,commercial,IN;SG,[P1] Tamil Nadu / Karnataka / South temple circuits | departure-city (Bangalore/Chennai) + exact temple-circuit combos; tier-2 competition is weak and circuits matc… | no public volume; included on intent/competition logic
tirupati tour package from delhi by train,commercial,IN;SG,[P1] Tamil Nadu / Karnataka / South temple circuits | departure-city (Bangalore/Chennai) + exact temple-circuit combos; tier-2 competition is weak and circuits matc… | no public volume; included on intent/competition logic
tirupati one day package from bangalore,commercial,IN;SG,[P1] Tamil Nadu / Karnataka / South temple circuits | departure-city (Bangalore/Chennai) + exact temple-circuit combos; tier-2 competition is weak and circuits matc… | no public volume; included on intent/competition logic
tirupati vip darshan package,commercial,IN;SG,[P1] Tamil Nadu / Karnataka / South temple circuits | departure-city (Bangalore/Chennai) + exact temple-circuit combos; tier-2 competition is weak and circuits matc… | no public volume; included on intent/competition logic
meenakshi temple madurai tour package,commercial,IN;SG,[P1] Tamil Nadu / Karnataka / South temple circuits | departure-city (Bangalore/Chennai) + exact temple-circuit combos; tier-2 competition is weak and circuits matc… | no public volume; included on intent/competition logic
thanjavur brihadeeswara temple tour,commercial,IN;SG,[P1] Tamil Nadu / Karnataka / South temple circuits | departure-city (Bangalore/Chennai) + exact temple-circuit combos; tier-2 competition is weak and circuits matc… | no public volume; included on intent/competition logic
kumbakonam temple tour package,commercial,IN;SG,[P1] Tamil Nadu / Karnataka / South temple circuits | departure-city (Bangalore/Chennai) + exact temple-circuit combos; tier-2 competition is weak and circuits matc… | no public volume; included on intent/competition logic
navagraha temple tour package,commercial,IN;SG,[P1] Tamil Nadu / Karnataka / South temple circuits | departure-city (Bangalore/Chennai) + exact temple-circuit combos; tier-2 competition is weak and circuits matc… | no public volume; included on intent/competition logic
coorg tour package,commercial,IN;SG,[P2] Tamil Nadu / Karnataka / South temple circuits | departure-city (Bangalore/Chennai) + exact temple-circuit combos; tier-2 competition is weak and circuits matc… | no public volume; included on intent/competition logic
coorg tour package from bangalore,commercial,IN;SG,[P1] Tamil Nadu / Karnataka / South temple circuits | departure-city (Bangalore/Chennai) + exact temple-circuit combos; tier-2 competition is weak and circuits matc… | no public volume; included on intent/competition logic
coorg honeymoon package,commercial,IN;SG,[P2] Tamil Nadu / Karnataka / South temple circuits | departure-city (Bangalore/Chennai) + exact temple-circuit combos; tier-2 competition is weak and circuits matc… | no public volume; included on intent/competition logic
ooty tour package,commercial,IN;SG,[P2] Tamil Nadu / Karnataka / South temple circuits | departure-city (Bangalore/Chennai) + exact temple-circuit combos; tier-2 competition is weak and circuits matc… | no public volume; included on intent/competition logic
ooty tour package from bangalore,commercial,IN;SG,[P1] Tamil Nadu / Karnataka / South temple circuits | departure-city (Bangalore/Chennai) + exact temple-circuit combos; tier-2 competition is weak and circuits matc… | no public volume; included on intent/competition logic
ooty tour package from chennai,commercial,IN;SG,[P1] Tamil Nadu / Karnataka / South temple circuits | departure-city (Bangalore/Chennai) + exact temple-circuit combos; tier-2 competition is weak and circuits matc… | no public volume; included on intent/competition logic
ooty kodaikanal tour package,commercial,IN;SG,[P1] Tamil Nadu / Karnataka / South temple circuits | departure-city (Bangalore/Chennai) + exact temple-circuit combos; tier-2 competition is weak and circuits matc… | no public volume; included on intent/competition logic
mysore ooty coorg tour package,commercial,IN;SG,[P1] Tamil Nadu / Karnataka / South temple circuits | departure-city (Bangalore/Chennai) + exact temple-circuit combos; tier-2 competition is weak and circuits matc… | no public volume; included on intent/competition logic
kodaikanal tour package,commercial,IN;SG,[P2] Tamil Nadu / Karnataka / South temple circuits | departure-city (Bangalore/Chennai) + exact temple-circuit combos; tier-2 competition is weak and circuits matc… | no public volume; included on intent/competition logic
hampi tour package,commercial,IN;SG,[P2] Tamil Nadu / Karnataka / South temple circuits | departure-city (Bangalore/Chennai) + exact temple-circuit combos; tier-2 competition is weak and circuits matc… | no public volume; included on intent/competition logic
badami pattadakal aihole tour package,commercial,IN;SG,[P1] Tamil Nadu / Karnataka / South temple circuits | departure-city (Bangalore/Chennai) + exact temple-circuit combos; tier-2 competition is weak and circuits matc… | no public volume; included on intent/competition logic
karnataka temple tour package,commercial,IN;SG,[P1] Tamil Nadu / Karnataka / South temple circuits | departure-city (Bangalore/Chennai) + exact temple-circuit combos; tier-2 competition is weak and circuits matc… | no public volume; included on intent/competition logic
murudeshwar gokarna tour package,commercial,IN;SG,[P1] Tamil Nadu / Karnataka / South temple circuits | departure-city (Bangalore/Chennai) + exact temple-circuit combos; tier-2 competition is weak and circuits matc… | no public volume; included on intent/competition logic
gokarna tour package,commercial,IN;SG,[P2] Tamil Nadu / Karnataka / South temple circuits | departure-city (Bangalore/Chennai) + exact temple-circuit combos; tier-2 competition is weak and circuits matc… | no public volume; included on intent/competition logic
udupi tour package,commercial,IN;SG,[P2] Tamil Nadu / Karnataka / South temple circuits | departure-city (Bangalore/Chennai) + exact temple-circuit combos; tier-2 competition is weak and circuits matc… | no public volume; included on intent/competition logic
sringeri dharmasthala kukke tour package,commercial,IN;SG,[P1] Tamil Nadu / Karnataka / South temple circuits | departure-city (Bangalore/Chennai) + exact temple-circuit combos; tier-2 competition is weak and circuits matc… | no public volume; included on intent/competition logic
karnataka tour package from bangalore,commercial,IN;SG,[P1] Tamil Nadu / Karnataka / South temple circuits | departure-city (Bangalore/Chennai) + exact temple-circuit combos; tier-2 competition is weak and circuits matc… | no public volume; included on intent/competition logic
pondicherry tour package,commercial,IN;SG,[P2] Tamil Nadu / Karnataka / South temple circuits | departure-city (Bangalore/Chennai) + exact temple-circuit combos; tier-2 competition is weak and circuits matc… | no public volume; included on intent/competition logic
mahabalipuram pondicherry tour package,commercial,IN;SG,[P1] Tamil Nadu / Karnataka / South temple circuits | departure-city (Bangalore/Chennai) + exact temple-circuit combos; tier-2 competition is weak and circuits matc… | no public volume; included on intent/competition logic
kerala tamil nadu combined tour package,commercial,IN;SG,[P1] Tamil Nadu / Karnataka / South temple circuits | departure-city (Bangalore/Chennai) + exact temple-circuit combos; tier-2 competition is weak and circuits matc… | no public volume; included on intent/competition logic
varanasi tour package,commercial,IN;US;UK,"[P2] Central & East India (UP, MP, Odisha, Bihar, West Bengal) | safari zone/vehicle specifics (kanha, bandhavgarh, tadoba), temple-town circuits (kashi–ayodhya), Buddhist cir… | no public volume; included on intent/competition logic"
varanasi ayodhya tour package,commercial,IN;US;UK,"[P1] Central & East India (UP, MP, Odisha, Bihar, West Bengal) | safari zone/vehicle specifics (kanha, bandhavgarh, tadoba), temple-town circuits (kashi–ayodhya), Buddhist cir… | no public volume; included on intent/competition logic"
kashi vishwanath darshan package,commercial,IN;US;UK,"[P1] Central & East India (UP, MP, Odisha, Bihar, West Bengal) | safari zone/vehicle specifics (kanha, bandhavgarh, tadoba), temple-town circuits (kashi–ayodhya), Buddhist cir… | no public volume; included on intent/competition logic"
ganga aarti varanasi timing,informational,IN;US;UK,"[P1] Central & East India (UP, MP, Odisha, Bihar, West Bengal) | safari zone/vehicle specifics (kanha, bandhavgarh, tadoba), temple-town circuits (kashi–ayodhya), Buddhist cir… | no public volume; included on intent/competition logic"
ayodhya tour package,commercial,IN;US;UK,"[P2] Central & East India (UP, MP, Odisha, Bihar, West Bengal) | safari zone/vehicle specifics (kanha, bandhavgarh, tadoba), temple-town circuits (kashi–ayodhya), Buddhist cir… | no public volume; included on intent/competition logic"
ram mandir darshan package,commercial,IN;US;UK,"[P1] Central & East India (UP, MP, Odisha, Bihar, West Bengal) | safari zone/vehicle specifics (kanha, bandhavgarh, tadoba), temple-town circuits (kashi–ayodhya), Buddhist cir… | no public volume; included on intent/competition logic"
mathura vrindavan tour package,commercial,IN;US;UK,"[P1] Central & East India (UP, MP, Odisha, Bihar, West Bengal) | safari zone/vehicle specifics (kanha, bandhavgarh, tadoba), temple-town circuits (kashi–ayodhya), Buddhist cir… | no public volume; included on intent/competition logic"
agra tour package,commercial,IN;US;UK,"[P2] Central & East India (UP, MP, Odisha, Bihar, West Bengal) | safari zone/vehicle specifics (kanha, bandhavgarh, tadoba), temple-town circuits (kashi–ayodhya), Buddhist cir… | no public volume; included on intent/competition logic"
taj mahal sunrise tour from delhi,commercial,IN;US;UK,"[P1] Central & East India (UP, MP, Odisha, Bihar, West Bengal) | safari zone/vehicle specifics (kanha, bandhavgarh, tadoba), temple-town circuits (kashi–ayodhya), Buddhist cir… | no public volume; included on intent/competition logic"
golden triangle tour with varanasi,commercial,IN;US;UK,"[P1] Central & East India (UP, MP, Odisha, Bihar, West Bengal) | safari zone/vehicle specifics (kanha, bandhavgarh, tadoba), temple-town circuits (kashi–ayodhya), Buddhist cir… | no public volume; included on intent/competition logic"
ujjain tour package,commercial,IN;US;UK,"[P2] Central & East India (UP, MP, Odisha, Bihar, West Bengal) | safari zone/vehicle specifics (kanha, bandhavgarh, tadoba), temple-town circuits (kashi–ayodhya), Buddhist cir… | no public volume; included on intent/competition logic"
mahakaleshwar bhasma aarti booking,informational,IN;US;UK,"[P1] Central & East India (UP, MP, Odisha, Bihar, West Bengal) | safari zone/vehicle specifics (kanha, bandhavgarh, tadoba), temple-town circuits (kashi–ayodhya), Buddhist cir… | no public volume; included on intent/competition logic"
ujjain omkareshwar tour package,commercial,IN;US;UK,"[P1] Central & East India (UP, MP, Odisha, Bihar, West Bengal) | safari zone/vehicle specifics (kanha, bandhavgarh, tadoba), temple-town circuits (kashi–ayodhya), Buddhist cir… | no public volume; included on intent/competition logic"
kanha tour package,commercial,IN;US;UK,"[P2] Central & East India (UP, MP, Odisha, Bihar, West Bengal) | safari zone/vehicle specifics (kanha, bandhavgarh, tadoba), temple-town circuits (kashi–ayodhya), Buddhist cir… | no public volume; included on intent/competition logic"
kanha safari booking,transactional,IN;US;UK,"[P1] Central & East India (UP, MP, Odisha, Bihar, West Bengal) | safari zone/vehicle specifics (kanha, bandhavgarh, tadoba), temple-town circuits (kashi–ayodhya), Buddhist cir… | no public volume; included on intent/competition logic"
bandhavgarh tour package,commercial,IN;US;UK,"[P2] Central & East India (UP, MP, Odisha, Bihar, West Bengal) | safari zone/vehicle specifics (kanha, bandhavgarh, tadoba), temple-town circuits (kashi–ayodhya), Buddhist cir… | no public volume; included on intent/competition logic"
bandhavgarh safari booking price,commercial,IN;US;UK,"[P1] Central & East India (UP, MP, Odisha, Bihar, West Bengal) | safari zone/vehicle specifics (kanha, bandhavgarh, tadoba), temple-town circuits (kashi–ayodhya), Buddhist cir… | no public volume; included on intent/competition logic"
pench safari booking,transactional,IN;US;UK,"[P1] Central & East India (UP, MP, Odisha, Bihar, West Bengal) | safari zone/vehicle specifics (kanha, bandhavgarh, tadoba), temple-town circuits (kashi–ayodhya), Buddhist cir… | no public volume; included on intent/competition logic"
tadoba safari booking,transactional,IN;US;UK,"[P1] Central & East India (UP, MP, Odisha, Bihar, West Bengal) | safari zone/vehicle specifics (kanha, bandhavgarh, tadoba), temple-town circuits (kashi–ayodhya), Buddhist cir… | no public volume; included on intent/competition logic"
khajuraho tour package,commercial,IN;US;UK,"[P2] Central & East India (UP, MP, Odisha, Bihar, West Bengal) | safari zone/vehicle specifics (kanha, bandhavgarh, tadoba), temple-town circuits (kashi–ayodhya), Buddhist cir… | no public volume; included on intent/competition logic"
bhopal sanchi bhimbetka tour package,commercial,IN;US;UK,"[P1] Central & East India (UP, MP, Odisha, Bihar, West Bengal) | safari zone/vehicle specifics (kanha, bandhavgarh, tadoba), temple-town circuits (kashi–ayodhya), Buddhist cir… | no public volume; included on intent/competition logic"
puri tour package,commercial,IN;US;UK,"[P2] Central & East India (UP, MP, Odisha, Bihar, West Bengal) | safari zone/vehicle specifics (kanha, bandhavgarh, tadoba), temple-town circuits (kashi–ayodhya), Buddhist cir… | no public volume; included on intent/competition logic"
puri konark bhubaneswar tour package,commercial,IN;US;UK,"[P1] Central & East India (UP, MP, Odisha, Bihar, West Bengal) | safari zone/vehicle specifics (kanha, bandhavgarh, tadoba), temple-town circuits (kashi–ayodhya), Buddhist cir… | no public volume; included on intent/competition logic"
jagannath puri rath yatra package,commercial,IN;US;UK,"[P1] Central & East India (UP, MP, Odisha, Bihar, West Bengal) | safari zone/vehicle specifics (kanha, bandhavgarh, tadoba), temple-town circuits (kashi–ayodhya), Buddhist cir… | no public volume; included on intent/competition logic"
konark sun temple tour package,commercial,IN;US;UK,"[P1] Central & East India (UP, MP, Odisha, Bihar, West Bengal) | safari zone/vehicle specifics (kanha, bandhavgarh, tadoba), temple-town circuits (kashi–ayodhya), Buddhist cir… | no public volume; included on intent/competition logic"
chilika lake tour package,commercial,IN;US;UK,"[P1] Central & East India (UP, MP, Odisha, Bihar, West Bengal) | safari zone/vehicle specifics (kanha, bandhavgarh, tadoba), temple-town circuits (kashi–ayodhya), Buddhist cir… | no public volume; included on intent/competition logic"
bodh gaya tour package,commercial,IN;US;UK,"[P1] Central & East India (UP, MP, Odisha, Bihar, West Bengal) | safari zone/vehicle specifics (kanha, bandhavgarh, tadoba), temple-town circuits (kashi–ayodhya), Buddhist cir… | no public volume; included on intent/competition logic"
buddhist circuit tour package,commercial,FR,"[P1] Central & East India (UP, MP, Odisha, Bihar, West Bengal) | safari zone/vehicle specifics (kanha, bandhavgarh, tadoba), temple-town circuits (kashi–ayodhya), Buddhist cir… | no public volume; included on intent/competition logic"
sunderban tour package,commercial,IN;US;UK,"[P2] Central & East India (UP, MP, Odisha, Bihar, West Bengal) | safari zone/vehicle specifics (kanha, bandhavgarh, tadoba), temple-town circuits (kashi–ayodhya), Buddhist cir… | no public volume; included on intent/competition logic"
kolkata sightseeing tour package,commercial,IN;US;UK,"[P1] Central & East India (UP, MP, Odisha, Bihar, West Bengal) | safari zone/vehicle specifics (kanha, bandhavgarh, tadoba), temple-town circuits (kashi–ayodhya), Buddhist cir… | no public volume; included on intent/competition logic"
shirdi tour package,commercial,IN,[P2] Maharashtra | jyotirlinga-circuit and ashtavinayak combos are pilgrimage long-tail; ajanta–ellora and hill-station weekend q… | no public volume; included on intent/competition logic
shirdi sai baba darshan package,commercial,IN,[P1] Maharashtra | jyotirlinga-circuit and ashtavinayak combos are pilgrimage long-tail; ajanta–ellora and hill-station weekend q… | no public volume; included on intent/competition logic
shirdi shani shingnapur tour package,commercial,IN,[P1] Maharashtra | jyotirlinga-circuit and ashtavinayak combos are pilgrimage long-tail; ajanta–ellora and hill-station weekend q… | no public volume; included on intent/competition logic
ajanta ellora tour package,commercial,IN,[P1] Maharashtra | jyotirlinga-circuit and ashtavinayak combos are pilgrimage long-tail; ajanta–ellora and hill-station weekend q… | no public volume; included on intent/competition logic
aurangabad tour package,commercial,IN,[P2] Maharashtra | jyotirlinga-circuit and ashtavinayak combos are pilgrimage long-tail; ajanta–ellora and hill-station weekend q… | no public volume; included on intent/competition logic
maharashtra jyotirlinga tour package,commercial,IN,[P1] Maharashtra | jyotirlinga-circuit and ashtavinayak combos are pilgrimage long-tail; ajanta–ellora and hill-station weekend q… | no public volume; included on intent/competition logic
bhimashankar grishneshwar trimbakeshwar tour package,commercial,IN,[P1] Maharashtra | jyotirlinga-circuit and ashtavinayak combos are pilgrimage long-tail; ajanta–ellora and hill-station weekend q… | no public volume; included on intent/competition logic
ashtavinayak tour package,commercial,IN,[P2] Maharashtra | jyotirlinga-circuit and ashtavinayak combos are pilgrimage long-tail; ajanta–ellora and hill-station weekend q… | no public volume; included on intent/competition logic
nashik trimbakeshwar tour package,commercial,IN,[P1] Maharashtra | jyotirlinga-circuit and ashtavinayak combos are pilgrimage long-tail; ajanta–ellora and hill-station weekend q… | no public volume; included on intent/competition logic
mahabaleshwar tour package,commercial,IN,[P2] Maharashtra | jyotirlinga-circuit and ashtavinayak combos are pilgrimage long-tail; ajanta–ellora and hill-station weekend q… | no public volume; included on intent/competition logic
mahabaleshwar panchgani tour package,commercial,IN,[P1] Maharashtra | jyotirlinga-circuit and ashtavinayak combos are pilgrimage long-tail; ajanta–ellora and hill-station weekend q… | no public volume; included on intent/competition logic
lonavala khandala tour package,commercial,IN,[P1] Maharashtra | jyotirlinga-circuit and ashtavinayak combos are pilgrimage long-tail; ajanta–ellora and hill-station weekend q… | no public volume; included on intent/competition logic
mumbai sightseeing tour package,commercial,IN,[P1] Maharashtra | jyotirlinga-circuit and ashtavinayak combos are pilgrimage long-tail; ajanta–ellora and hill-station weekend q… | no public volume; included on intent/competition logic
elephanta caves tour package,commercial,IN,[P1] Maharashtra | jyotirlinga-circuit and ashtavinayak combos are pilgrimage long-tail; ajanta–ellora and hill-station weekend q… | no public volume; included on intent/competition logic
tarkarli scuba diving package,commercial,IN,[P1] Maharashtra | jyotirlinga-circuit and ashtavinayak combos are pilgrimage long-tail; ajanta–ellora and hill-station weekend q… | no public volume; included on intent/competition logic
bhandardara tour package,commercial,IN,[P2] Maharashtra | jyotirlinga-circuit and ashtavinayak combos are pilgrimage long-tail; ajanta–ellora and hill-station weekend q… | no public volume; included on intent/competition logic
igatpuri tour package,commercial,IN,[P2] Maharashtra | jyotirlinga-circuit and ashtavinayak combos are pilgrimage long-tail; ajanta–ellora and hill-station weekend q… | no public volume; included on intent/competition logic
honeymoon packages in india,commercial,IN;AE;SA,"[P1] Honeymoon | price-banded (""under 30000/50000"") and per-couple/with-flight modifiers are commercial long-tail; comparison c… | no public volume; included on intent/competition logic"
best honeymoon destinations in india,commercial,IN;AE;SA,"[P1] Honeymoon | price-banded (""under 30000/50000"") and per-couple/with-flight modifiers are commercial long-tail; comparison c… | no public volume; included on intent/competition logic"
honeymoon packages under 30000,commercial,IN;AE;SA,"[P1] Honeymoon | price-banded (""under 30000/50000"") and per-couple/with-flight modifiers are commercial long-tail; comparison c… | no public volume; included on intent/competition logic"
honeymoon packages under 40000,commercial,IN;AE;SA,"[P1] Honeymoon | price-banded (""under 30000/50000"") and per-couple/with-flight modifiers are commercial long-tail; comparison c… | no public volume; included on intent/competition logic"
honeymoon packages under 50000,commercial,IN;AE;SA,"[P1] Honeymoon | price-banded (""under 30000/50000"") and per-couple/with-flight modifiers are commercial long-tail; comparison c… | no public volume; included on intent/competition logic"
honeymoon package per couple price,commercial,IN;AE;SA,"[P1] Honeymoon | price-banded (""under 30000/50000"") and per-couple/with-flight modifiers are commercial long-tail; comparison c… | no public volume; included on intent/competition logic"
honeymoon packages with flight,commercial,IN;AE;SA,"[P1] Honeymoon | price-banded (""under 30000/50000"") and per-couple/with-flight modifiers are commercial long-tail; comparison c… | no public volume; included on intent/competition logic"
manali honeymoon package,commercial,IN;AE;SA,"[P2] Honeymoon | price-banded (""under 30000/50000"") and per-couple/with-flight modifiers are commercial long-tail; comparison c… | no public volume; included on intent/competition logic"
honeymoon with private pool villa india,commercial,IN;AE;SA,"[P1] Honeymoon | price-banded (""under 30000/50000"") and per-couple/with-flight modifiers are commercial long-tail; comparison c… | no public volume; included on intent/competition logic"
honeymoon with private houseboat kerala,commercial,IN;AE;SA,"[P1] Honeymoon | price-banded (""under 30000/50000"") and per-couple/with-flight modifiers are commercial long-tail; comparison c… | no public volume; included on intent/competition logic"
honeymoon candlelight dinner package,commercial,IN;AE;SA,"[P1] Honeymoon | price-banded (""under 30000/50000"") and per-couple/with-flight modifiers are commercial long-tail; comparison c… | no public volume; included on intent/competition logic"
best honeymoon destinations in india in december,commercial,IN;AE;SA,"[P1] Honeymoon | price-banded (""under 30000/50000"") and per-couple/with-flight modifiers are commercial long-tail; comparison c… | no public volume; included on intent/competition logic"
best honeymoon destinations in india in january,commercial,IN;AE;SA,"[P1] Honeymoon | price-banded (""under 30000/50000"") and per-couple/with-flight modifiers are commercial long-tail; comparison c… | no public volume; included on intent/competition logic"
best honeymoon destinations in india in june monsoon,commercial,IN;AE;SA,"[P1] Honeymoon | price-banded (""under 30000/50000"") and per-couple/with-flight modifiers are commercial long-tail; comparison c… | no public volume; included on intent/competition logic"
honeymoon 3 nights 4 days package india,commercial,IN;AE;SA,"[P1] Honeymoon | price-banded (""under 30000/50000"") and per-couple/with-flight modifiers are commercial long-tail; comparison c… | no public volume; included on intent/competition logic"
kerala vs bali honeymoon,informational,IN;AE;SA,"[P1] Honeymoon | price-banded (""under 30000/50000"") and per-couple/with-flight modifiers are commercial long-tail; comparison c… | no public volume; included on intent/competition logic"
maldives vs andaman honeymoon cost,informational,IN;AE;SA,"[P1] Honeymoon | price-banded (""under 30000/50000"") and per-couple/with-flight modifiers are commercial long-tail; comparison c… | no public volume; included on intent/competition logic"
bali honeymoon package from india price,commercial,IN;AE;SA,"[P1] Honeymoon | price-banded (""under 30000/50000"") and per-couple/with-flight modifiers are commercial long-tail; comparison c… | no public volume; included on intent/competition logic"
honeymoon packages from delhi,commercial,IN;AE;SA,"[P1] Honeymoon | price-banded (""under 30000/50000"") and per-couple/with-flight modifiers are commercial long-tail; comparison c… | no public volume; included on intent/competition logic"
honeymoon packages from mumbai,commercial,IN;AE;SA,"[P1] Honeymoon | price-banded (""under 30000/50000"") and per-couple/with-flight modifiers are commercial long-tail; comparison c… | no public volume; included on intent/competition logic"
honeymoon packages from bangalore,commercial,IN;AE;SA,"[P1] Honeymoon | price-banded (""under 30000/50000"") and per-couple/with-flight modifiers are commercial long-tail; comparison c… | no public volume; included on intent/competition logic"
family tour packages india,commercial,IN;AE;SA,"[P1] Family | ""with kids"" and school-holiday (diwali/summer) angles; family-specific SERPs are thinner than generic destinat… | no public volume; included on intent/competition logic"
family vacation packages india,commercial,IN;AE;SA,"[P1] Family | ""with kids"" and school-holiday (diwali/summer) angles; family-specific SERPs are thinner than generic destinat… | no public volume; included on intent/competition logic"
family trip packages from delhi,commercial,IN;AE;SA,"[P1] Family | ""with kids"" and school-holiday (diwali/summer) angles; family-specific SERPs are thinner than generic destinat… | no public volume; included on intent/competition logic"
family trip packages from mumbai,commercial,IN;AE;SA,"[P1] Family | ""with kids"" and school-holiday (diwali/summer) angles; family-specific SERPs are thinner than generic destinat… | no public volume; included on intent/competition logic"
family tour packages with kids,commercial,IN;AE;SA,"[P1] Family | ""with kids"" and school-holiday (diwali/summer) angles; family-specific SERPs are thinner than generic destinat… | no public volume; included on intent/competition logic"
kid friendly holiday destinations india,informational,IN;AE;SA,"[P1] Family | ""with kids"" and school-holiday (diwali/summer) angles; family-specific SERPs are thinner than generic destinat… | no public volume; included on intent/competition logic"
family summer vacation packages india,commercial,IN;AE;SA,"[P1] Family | ""with kids"" and school-holiday (diwali/summer) angles; family-specific SERPs are thinner than generic destinat… | no public volume; included on intent/competition logic"
diwali vacation tour packages,commercial,IN;AE;SA,"[P1] Family | ""with kids"" and school-holiday (diwali/summer) angles; family-specific SERPs are thinner than generic destinat… | no public volume; included on intent/competition logic"
family tour package 5 days india,commercial,IN;AE;SA,"[P1] Family | ""with kids"" and school-holiday (diwali/summer) angles; family-specific SERPs are thinner than generic destinat… | no public volume; included on intent/competition logic"
family resorts packages india,commercial,IN;AE;SA,"[P1] Family | ""with kids"" and school-holiday (diwali/summer) angles; family-specific SERPs are thinner than generic destinat… | no public volume; included on intent/competition logic"
senior citizen tour packages india,commercial,IN,"[P1] Senior citizens | accessibility needs (lift, ground floor, slow pace, wheelchair, medical support) are barely addressed by big O… | no public volume; included on intent/competition logic"
senior citizen holiday packages india,commercial,IN,"[P1] Senior citizens | accessibility needs (lift, ground floor, slow pace, wheelchair, medical support) are barely addressed by big O… | no public volume; included on intent/competition logic"
tour packages for senior citizens from delhi,commercial,IN,"[P1] Senior citizens | accessibility needs (lift, ground floor, slow pace, wheelchair, medical support) are barely addressed by big O… | no public volume; included on intent/competition logic"
group tours for senior citizens india,commercial,IN,"[P1] Senior citizens | accessibility needs (lift, ground floor, slow pace, wheelchair, medical support) are barely addressed by big O… | no public volume; included on intent/competition logic"
char dham yatra senior citizen package,commercial,IN,"[P1] Senior citizens | accessibility needs (lift, ground floor, slow pace, wheelchair, medical support) are barely addressed by big O… | no public volume; included on intent/competition logic"
kedarnath yatra for senior citizens helicopter,commercial,IN,"[P1] Senior citizens | accessibility needs (lift, ground floor, slow pace, wheelchair, medical support) are barely addressed by big O… | no public volume; included on intent/competition logic"
kerala senior citizen tour package,commercial,IN,"[P1] Senior citizens | accessibility needs (lift, ground floor, slow pace, wheelchair, medical support) are barely addressed by big O… | no public volume; included on intent/competition logic"
wheelchair accessible tour packages india,commercial,IN,"[P1] Senior citizens | accessibility needs (lift, ground floor, slow pace, wheelchair, medical support) are barely addressed by big O… | no public volume; included on intent/competition logic"
slow paced tours for elderly india,commercial,IN,"[P1] Senior citizens | accessibility needs (lift, ground floor, slow pace, wheelchair, medical support) are barely addressed by big O… | no public volume; included on intent/competition logic"
pilgrimage tours for senior citizens india,commercial,IN,"[P1] Senior citizens | accessibility needs (lift, ground floor, slow pace, wheelchair, medical support) are barely addressed by big O… | no public volume; included on intent/competition logic"
adventure tour packages india,commercial,IN;US;UK;AU,"[P1] Adventure | activity + place + price queries are specific and commercial; forums dominate, agencies underinvest. | no public volume; included on intent/competition logic"
trekking tour packages india,commercial,IN;US;UK;AU,"[P1] Adventure | activity + place + price queries are specific and commercial; forums dominate, agencies underinvest. | no public volume; included on intent/competition logic"
river rafting packages india,commercial,IN;US;UK;AU,"[P1] Adventure | activity + place + price queries are specific and commercial; forums dominate, agencies underinvest. | no public volume; included on intent/competition logic"
paragliding in india price,commercial,IN;US;UK;AU,"[P1] Adventure | activity + place + price queries are specific and commercial; forums dominate, agencies underinvest. | no public volume; included on intent/competition logic"
scuba diving in india price,commercial,IN;US;UK;AU,"[P1] Adventure | activity + place + price queries are specific and commercial; forums dominate, agencies underinvest. | no public volume; included on intent/competition logic"
bungee jumping rishikesh price,commercial,IN;US;UK;AU,"[P1] Adventure | activity + place + price queries are specific and commercial; forums dominate, agencies underinvest. | no public volume; included on intent/competition logic"
bike trips in india packages,commercial,IN;US;UK;AU,"[P1] Adventure | activity + place + price queries are specific and commercial; forums dominate, agencies underinvest. | no public volume; included on intent/competition logic"
skiing in india packages,commercial,IN;US;UK;AU,"[P1] Adventure | activity + place + price queries are specific and commercial; forums dominate, agencies underinvest. | no public volume; included on intent/competition logic"
auli skiing course price,commercial,IN;US;UK;AU,"[P1] Adventure | activity + place + price queries are specific and commercial; forums dominate, agencies underinvest. | no public volume; included on intent/competition logic"
gulmarg skiing package,commercial,IN;US;UK;AU,"[P2] Adventure | activity + place + price queries are specific and commercial; forums dominate, agencies underinvest. | no public volume; included on intent/competition logic"
desert safari india packages,commercial,IN;US;UK;AU,"[P1] Adventure | activity + place + price queries are specific and commercial; forums dominate, agencies underinvest. | no public volume; included on intent/competition logic"
caving tours meghalaya,commercial,IN;US;UK;AU,"[P2] Adventure | activity + place + price queries are specific and commercial; forums dominate, agencies underinvest. | no public volume; included on intent/competition logic"
zipline tour packages india,commercial,IN;US;UK;AU,"[P1] Adventure | activity + place + price queries are specific and commercial; forums dominate, agencies underinvest. | no public volume; included on intent/competition logic"
wildlife tour packages india,commercial,US;UK;AU;IN,[P1] Wildlife | safari zone/vehicle/slot/price modifiers are high-intent and assistance-positioned (official forest-department… | no public volume; included on intent/competition logic
tiger safari packages india,commercial,DE,[P1] Wildlife | safari zone/vehicle/slot/price modifiers are high-intent and assistance-positioned (official forest-department… | no public volume; included on intent/competition logic
ranthambore safari booking,transactional,US;UK;AU;IN,[P1] Wildlife | safari zone/vehicle/slot/price modifiers are high-intent and assistance-positioned (official forest-department… | no public volume; included on intent/competition logic
ranthambore safari price,commercial,US;UK;AU;IN,[P2] Wildlife | safari zone/vehicle/slot/price modifiers are high-intent and assistance-positioned (official forest-department… | no public volume; included on intent/competition logic
bandhavgarh safari price,commercial,US;UK;AU;IN,[P2] Wildlife | safari zone/vehicle/slot/price modifiers are high-intent and assistance-positioned (official forest-department… | no public volume; included on intent/competition logic
kaziranga safari price,commercial,US;UK;AU;IN,[P2] Wildlife | safari zone/vehicle/slot/price modifiers are high-intent and assistance-positioned (official forest-department… | no public volume; included on intent/competition logic
periyar wildlife tour,commercial,US;UK;AU;IN,[P2] Wildlife | safari zone/vehicle/slot/price modifiers are high-intent and assistance-positioned (official forest-department… | no public volume; included on intent/competition logic
bharatpur bird sanctuary tour package,commercial,US;UK;AU;IN,[P1] Wildlife | safari zone/vehicle/slot/price modifiers are high-intent and assistance-positioned (official forest-department… | no public volume; included on intent/competition logic
jim corbett vs ranthambore which is better,informational,US;UK;AU;IN,[P1] Wildlife | safari zone/vehicle/slot/price modifiers are high-intent and assistance-positioned (official forest-department… | no public volume; included on intent/competition logic
best national parks in india for tiger sighting,informational,US;UK;AU;IN,[P1] Wildlife | safari zone/vehicle/slot/price modifiers are high-intent and assistance-positioned (official forest-department… | no public volume; included on intent/competition logic
best time for tiger safari in india,informational,DE,[P1] Wildlife | safari zone/vehicle/slot/price modifiers are high-intent and assistance-positioned (official forest-department… | no public volume; included on intent/competition logic
elephant safari in india,commercial,US;UK;AU;IN,[P1] Wildlife | safari zone/vehicle/slot/price modifiers are high-intent and assistance-positioned (official forest-department… | no public volume; included on intent/competition logic
vaishno devi tour package,commercial,IN,[P1] Pilgrimage / spiritual | departure-city + shrine combos and registration/booking-assistance queries are evergreen long-tail with clear … | no public volume; included on intent/competition logic
vaishno devi tour package from delhi,commercial,IN,[P1] Pilgrimage / spiritual | departure-city + shrine combos and registration/booking-assistance queries are evergreen long-tail with clear … | no public volume; included on intent/competition logic
vaishno devi package cost from delhi,commercial,IN,[P1] Pilgrimage / spiritual | departure-city + shrine combos and registration/booking-assistance queries are evergreen long-tail with clear … | no public volume; included on intent/competition logic
vaishno devi helicopter booking,transactional,IN,[P1] Pilgrimage / spiritual | departure-city + shrine combos and registration/booking-assistance queries are evergreen long-tail with clear … | no public volume; included on intent/competition logic
ujjain mahakaleshwar tour package,commercial,IN,[P1] Pilgrimage / spiritual | departure-city + shrine combos and registration/booking-assistance queries are evergreen long-tail with clear … | no public volume; included on intent/competition logic
ayodhya ram mandir package,commercial,IN,[P1] Pilgrimage / spiritual | departure-city + shrine combos and registration/booking-assistance queries are evergreen long-tail with clear … | no public volume; included on intent/competition logic
varanasi kashi vishwanath package,commercial,IN,[P1] Pilgrimage / spiritual | departure-city + shrine combos and registration/booking-assistance queries are evergreen long-tail with clear … | no public volume; included on intent/competition logic
kailash mansarovar yatra package,commercial,IN,[P1] Pilgrimage / spiritual | departure-city + shrine combos and registration/booking-assistance queries are evergreen long-tail with clear … | no public volume; included on intent/competition logic
kailash mansarovar yatra registration,informational,IN,[P1] Pilgrimage / spiritual | departure-city + shrine combos and registration/booking-assistance queries are evergreen long-tail with clear … | no public volume; included on intent/competition logic
hemkund sahib yatra package,commercial,IN,[P1] Pilgrimage / spiritual | departure-city + shrine combos and registration/booking-assistance queries are evergreen long-tail with clear … | no public volume; included on intent/competition logic
velankanni church tour package,commercial,IN,[P1] Pilgrimage / spiritual | departure-city + shrine combos and registration/booking-assistance queries are evergreen long-tail with clear … | no public volume; included on intent/competition logic
12 jyotirlinga tour package,commercial,IN,[P1] Pilgrimage / spiritual | departure-city + shrine combos and registration/booking-assistance queries are evergreen long-tail with clear … | no public volume; included on intent/competition logic
char dham yatra by helicopter cost,commercial,IN,[P1] Pilgrimage / spiritual | departure-city + shrine combos and registration/booking-assistance queries are evergreen long-tail with clear … | no public volume; included on intent/competition logic
luxury tour packages india,commercial,US;UK;AU;AE;IN,[P1] Luxury | high ticket value justifies content cost; palace-on-wheels/maharajas-express price queries are specific and lo… | no public volume; included on intent/competition logic
luxury rajasthan tour package,commercial,US;UK;AU;AE;IN,[P1] Luxury | high ticket value justifies content cost; palace-on-wheels/maharajas-express price queries are specific and lo… | no public volume; included on intent/competition logic
palace on wheels price,commercial,US;UK;AU;AE;IN,[P1] Luxury | high ticket value justifies content cost; palace-on-wheels/maharajas-express price queries are specific and lo… | no public volume; included on intent/competition logic
maharajas express ticket price,commercial,US;UK;AU;AE;IN,[P1] Luxury | high ticket value justifies content cost; palace-on-wheels/maharajas-express price queries are specific and lo… | no public volume; included on intent/competition logic
luxury train tours india price,commercial,US;UK;AU;AE;IN,[P1] Luxury | high ticket value justifies content cost; palace-on-wheels/maharajas-express price queries are specific and lo… | no public volume; included on intent/competition logic
luxury honeymoon packages india,commercial,US;UK;AU;AE;IN,[P1] Luxury | high ticket value justifies content cost; palace-on-wheels/maharajas-express price queries are specific and lo… | no public volume; included on intent/competition logic
private pool villa packages india,commercial,US;UK;AU;AE;IN,[P1] Luxury | high ticket value justifies content cost; palace-on-wheels/maharajas-express price queries are specific and lo… | no public volume; included on intent/competition logic
luxury houseboat kerala price,commercial,US;UK;AU;AE;IN,[P1] Luxury | high ticket value justifies content cost; palace-on-wheels/maharajas-express price queries are specific and lo… | no public volume; included on intent/competition logic
budget tour packages india,commercial,IN,[P1] Budget / backpacker / student | price-banded queries self-qualify buyers; student/educational angles are niche. | no public volume; included on intent/competition logic
cheapest tour packages in india,commercial,IN,[P1] Budget / backpacker / student | price-banded queries self-qualify buyers; student/educational angles are niche. | no public volume; included on intent/competition logic
tour packages under 10000,commercial,IN,[P1] Budget / backpacker / student | price-banded queries self-qualify buyers; student/educational angles are niche. | no public volume; included on intent/competition logic
tour packages under 15000,commercial,IN,[P1] Budget / backpacker / student | price-banded queries self-qualify buyers; student/educational angles are niche. | no public volume; included on intent/competition logic
tour packages under 20000,commercial,IN,[P1] Budget / backpacker / student | price-banded queries self-qualify buyers; student/educational angles are niche. | no public volume; included on intent/competition logic
backpacking india itinerary,informational,IN,[P2] Budget / backpacker / student | price-banded queries self-qualify buyers; student/educational angles are niche. | no public volume; included on intent/competition logic
student tour packages india,commercial,IN,[P1] Budget / backpacker / student | price-banded queries self-qualify buyers; student/educational angles are niche. | no public volume; included on intent/competition logic
educational tour packages india,commercial,IN,[P1] Budget / backpacker / student | price-banded queries self-qualify buyers; student/educational angles are niche. | no public volume; included on intent/competition logic
college trip packages india,commercial,IN,[P1] Budget / backpacker / student | price-banded queries self-qualify buyers; student/educational angles are niche. | no public volume; included on intent/competition logic
corporate tour packages india,commercial,IN,"[P1] Corporate / MICE / offsite | B2B intent, high value, almost no small-agency SEO competition; city-proximity modifiers. | no public volume; included on intent/competition logic"
corporate offsite packages near delhi,commercial,IN,"[P1] Corporate / MICE / offsite | B2B intent, high value, almost no small-agency SEO competition; city-proximity modifiers. | no public volume; included on intent/competition logic"
corporate offsite packages near mumbai,commercial,IN,"[P1] Corporate / MICE / offsite | B2B intent, high value, almost no small-agency SEO competition; city-proximity modifiers. | no public volume; included on intent/competition logic"
corporate offsite packages near bangalore,commercial,IN,"[P1] Corporate / MICE / offsite | B2B intent, high value, almost no small-agency SEO competition; city-proximity modifiers. | no public volume; included on intent/competition logic"
team outing packages,commercial,IN,"[P2] Corporate / MICE / offsite | B2B intent, high value, almost no small-agency SEO competition; city-proximity modifiers. | no public volume; included on intent/competition logic"
mice tourism india,commercial,IN,"[P2] Corporate / MICE / offsite | B2B intent, high value, almost no small-agency SEO competition; city-proximity modifiers. | no public volume; included on intent/competition logic"
corporate group tour packages,commercial,IN,"[P1] Corporate / MICE / offsite | B2B intent, high value, almost no small-agency SEO competition; city-proximity modifiers. | no public volume; included on intent/competition logic"
company trip packages india,commercial,IN,"[P1] Corporate / MICE / offsite | B2B intent, high value, almost no small-agency SEO competition; city-proximity modifiers. | no public volume; included on intent/competition logic"
birthday trip packages india,commercial,IN,"[P1] Occasions (birthday, bachelor, anniversary, pre-wedding, babymoon) | occasion + destination combos are emotional, high-converting, thin SERPs. | no public volume; included on intent/competition logic"
bachelor trip packages india,commercial,IN,"[P1] Occasions (birthday, bachelor, anniversary, pre-wedding, babymoon) | occasion + destination combos are emotional, high-converting, thin SERPs. | no public volume; included on intent/competition logic"
bachelorette trip packages india,commercial,IN,"[P1] Occasions (birthday, bachelor, anniversary, pre-wedding, babymoon) | occasion + destination combos are emotional, high-converting, thin SERPs. | no public volume; included on intent/competition logic"
anniversary trip packages india,commercial,IN,"[P1] Occasions (birthday, bachelor, anniversary, pre-wedding, babymoon) | occasion + destination combos are emotional, high-converting, thin SERPs. | no public volume; included on intent/competition logic"
pre wedding shoot locations in india packages,commercial,IN,"[P1] Occasions (birthday, bachelor, anniversary, pre-wedding, babymoon) | occasion + destination combos are emotional, high-converting, thin SERPs. | no public volume; included on intent/competition logic"
babymoon packages india,commercial,IN,"[P2] Occasions (birthday, bachelor, anniversary, pre-wedding, babymoon) | occasion + destination combos are emotional, high-converting, thin SERPs. | no public volume; included on intent/competition logic"
solo trip packages india,commercial,IN;UK,[P1] Solo & women-only | safety-focused queries are underserved by agencies; group-departure positioning fits small operators. | no public volume; included on intent/competition logic
solo female travel india safe destinations,informational,IN;UK,[P1] Solo & women-only | safety-focused queries are underserved by agencies; group-departure positioning fits small operators. | no public volume; included on intent/competition logic
women only tour packages india,commercial,IN;UK,[P1] Solo & women-only | safety-focused queries are underserved by agencies; group-departure positioning fits small operators. | no public volume; included on intent/competition logic
group departures for solo travellers india,commercial,IN;UK,[P1] Solo & women-only | safety-focused queries are underserved by agencies; group-departure positioning fits small operators. | no public volume; included on intent/competition logic
best places for solo trip in india,informational,IN;UK,[P1] Solo & women-only | safety-focused queries are underserved by agencies; group-departure positioning fits small operators. | no public volume; included on intent/competition logic
pet friendly holiday packages india,commercial,IN,[P1] Pet-friendly | near-zero agency competition; emerging niche. | no public volume; included on intent/competition logic
travelling with dog in india,informational,IN,[P1] Pet-friendly | near-zero agency competition; emerging niche. | no public volume; included on intent/competition logic
pet friendly resorts india,commercial,IN,[P1] Pet-friendly | near-zero agency competition; emerging niche. | no public volume; included on intent/competition logic
best time to visit kerala,informational,IN,[P1] Best time to visit (per destination) |  | no public volume; included on intent/competition logic
best time to visit kashmir,informational,IN,[P1] Best time to visit (per destination) |  | no public volume; included on intent/competition logic
best time to visit goa,informational,IN,[P1] Best time to visit (per destination) |  | no public volume; included on intent/competition logic
best time to visit rann of kutch,informational,IN,[P1] Best time to visit (per destination) |  | no public volume; included on intent/competition logic
best time to visit coorg,informational,IN,[P1] Best time to visit (per destination) |  | no public volume; included on intent/competition logic
best time to visit ooty,informational,IN,[P1] Best time to visit (per destination) |  | no public volume; included on intent/competition logic
best time to visit varanasi,informational,IN,[P1] Best time to visit (per destination) |  | no public volume; included on intent/competition logic
best time to visit jim corbett,informational,IN,[P1] Best time to visit (per destination) |  | no public volume; included on intent/competition logic
best time to visit kaziranga,informational,IN,[P1] Best time to visit (per destination) |  | no public volume; included on intent/competition logic
kerala in monsoon is it worth visiting,informational,IN,[P1] Best time to visit (per destination) |  | no public volume; included on intent/competition logic
ladakh in winter can you visit,informational,IN,[P1] Best time to visit (per destination) |  | no public volume; included on intent/competition logic
how to reach kedarnath,informational,IN,[P1] How to reach / nearest airport / station |  | no public volume; included on intent/competition logic
how to reach spiti valley,informational,IN,[P1] How to reach / nearest airport / station |  | no public volume; included on intent/competition logic
how to reach tawang,informational,IN,[P1] How to reach / nearest airport / station |  | no public volume; included on intent/competition logic
how to reach dzukou valley,informational,IN,[P1] How to reach / nearest airport / station |  | no public volume; included on intent/competition logic
how to reach havelock island,informational,IN,[P1] How to reach / nearest airport / station |  | no public volume; included on intent/competition logic
how to reach gurudongmar lake,informational,IN,[P1] How to reach / nearest airport / station |  | no public volume; included on intent/competition logic
how to reach valley of flowers,informational,IN,[P1] How to reach / nearest airport / station |  | no public volume; included on intent/competition logic
nearest airport to munnar,informational,IN,[P1] How to reach / nearest airport / station |  | no public volume; included on intent/competition logic
nearest railway station to vaishno devi,informational,IN,[P1] How to reach / nearest airport / station |  | no public volume; included on intent/competition logic
how to reach kailash mansarovar,informational,IN,[P1] How to reach / nearest airport / station |  | no public volume; included on intent/competition logic
delhi to manali distance and travel options,informational,IN,[P1] How to reach / nearest airport / station |  | no public volume; included on intent/competition logic
how to reach rann of kutch,informational,IN,[P1] How to reach / nearest airport / station |  | no public volume; included on intent/competition logic
kerala itinerary 5 days,informational,IN,[P1] Itineraries (day-wise) |  | no public volume; included on intent/competition logic
kerala itinerary 7 days,informational,IN,[P1] Itineraries (day-wise) |  | no public volume; included on intent/competition logic
kashmir itinerary 5 days,informational,IN,[P1] Itineraries (day-wise) |  | no public volume; included on intent/competition logic
rajasthan itinerary 7 days,informational,IN,[P1] Itineraries (day-wise) |  | no public volume; included on intent/competition logic
ladakh itinerary 6 days,informational,IN,[P1] Itineraries (day-wise) |  | no public volume; included on intent/competition logic
spiti valley itinerary 7 days,informational,IN,[P1] Itineraries (day-wise) |  | no public volume; included on intent/competition logic
sikkim itinerary 5 days,informational,IN,[P1] Itineraries (day-wise) |  | no public volume; included on intent/competition logic
meghalaya itinerary 4 days,informational,IN,[P1] Itineraries (day-wise) |  | no public volume; included on intent/competition logic
andaman itinerary 5 days,informational,IN,[P1] Itineraries (day-wise) |  | no public volume; included on intent/competition logic
char dham yatra itinerary,informational,IN,[P1] Itineraries (day-wise) |  | no public volume; included on intent/competition logic
golden triangle itinerary 5 days,informational,IN,[P1] Itineraries (day-wise) |  | no public volume; included on intent/competition logic
himachal itinerary 6 days,informational,IN,[P1] Itineraries (day-wise) |  | no public volume; included on intent/competition logic
goa itinerary 3 days,informational,IN,[P1] Itineraries (day-wise) |  | no public volume; included on intent/competition logic
coorg itinerary 2 days,informational,IN,[P1] Itineraries (day-wise) |  | no public volume; included on intent/competition logic
varanasi itinerary 2 days,informational,IN,[P1] Itineraries (day-wise) |  | no public volume; included on intent/competition logic
kerala trip cost,informational,IN,[P2] Cost / budget guides |  | no public volume; included on intent/competition logic
kashmir trip cost from delhi,informational,IN,[P1] Cost / budget guides |  | no public volume; included on intent/competition logic
ladakh trip cost,informational,IN,[P2] Cost / budget guides |  | no public volume; included on intent/competition logic
spiti valley trip cost,informational,IN,[P1] Cost / budget guides |  | no public volume; included on intent/competition logic
andaman trip cost,informational,IN,[P2] Cost / budget guides |  | no public volume; included on intent/competition logic
maldives trip cost from india,informational,IN,[P1] Cost / budget guides |  | no public volume; included on intent/competition logic
bali trip cost from india,informational,IN,[P1] Cost / budget guides |  | no public volume; included on intent/competition logic
amarnath yatra cost,informational,IN,[P2] Cost / budget guides |  | no public volume; included on intent/competition logic
kedarnath trip cost from delhi,informational,IN,[P1] Cost / budget guides |  | no public volume; included on intent/competition logic
europe trip cost from india (out of scope — do not target; listed only to exclude),informational,IN,[P1] Cost / budget guides |  | no public volume; included on intent/competition logic
kerala vs bali,informational,IN;US;UK,[P2] Comparisons (X vs Y) |  | no public volume; included on intent/competition logic
maldives vs andaman,informational,IN;US;UK,[P2] Comparisons (X vs Y) |  | no public volume; included on intent/competition logic
maldives vs lakshadweep,informational,IN;US;UK,[P2] Comparisons (X vs Y) |  | no public volume; included on intent/competition logic
manali vs shimla,informational,IN;US;UK,[P2] Comparisons (X vs Y) |  | no public volume; included on intent/competition logic
jaipur vs udaipur,informational,IN;US;UK,[P2] Comparisons (X vs Y) |  | no public volume; included on intent/competition logic
alleppey vs kumarakom houseboat,informational,IN;US;UK,[P1] Comparisons (X vs Y) |  | no public volume; included on intent/competition logic
coorg vs ooty,informational,IN;US;UK,[P2] Comparisons (X vs Y) |  | no public volume; included on intent/competition logic
ladakh vs spiti,informational,IN;US;UK,[P2] Comparisons (X vs Y) |  | no public volume; included on intent/competition logic
jim corbett vs ranthambore,informational,IN;US;UK,[P1] Comparisons (X vs Y) |  | no public volume; included on intent/competition logic
kashmir vs switzerland (low priority — informational only),informational,IN;US;UK,[P1] Comparisons (X vs Y) |  | no public volume; included on intent/competition logic
gulmarg vs auli skiing,informational,IN;US;UK,[P1] Comparisons (X vs Y) |  | no public volume; included on intent/competition logic
baltal vs pahalgam amarnath route,informational,IN;US;UK,[P1] Comparisons (X vs Y) |  | no public volume; included on intent/competition logic
jeep safari vs canter safari jim corbett,informational,IN;US;UK,[P1] Comparisons (X vs Y) |  | no public volume; included on intent/competition logic
sri lanka vs kerala,informational,IN;US;UK,[P1] Comparisons (X vs Y) |  | no public volume; included on intent/competition logic
amarnath yatra medical certificate,informational,IN,"[P1] Documents, permits, registration |  | no public volume; included on intent/competition logic"
protected area permit arunachal pradesh,informational,IN,"[P1] Documents, permits, registration |  | no public volume; included on intent/competition logic"
tawang inner line permit,informational,IN,"[P1] Documents, permits, registration |  | no public volume; included on intent/competition logic"
gir safari booking official website,informational,IN,"[P1] Documents, permits, registration |  | no public volume; included on intent/competition logic"
tirupati vip darshan booking,informational,IN,"[P1] Documents, permits, registration |  | no public volume; included on intent/competition logic"
what to pack for ladakh trip,informational,IN,[P1] Packing / health / safety |  | no public volume; included on intent/competition logic
what to pack for spiti valley,informational,IN,[P1] Packing / health / safety |  | no public volume; included on intent/competition logic
what to pack for kedarnath trek,informational,IN,[P1] Packing / health / safety |  | no public volume; included on intent/competition logic
what to pack for amarnath yatra,informational,IN,[P1] Packing / health / safety |  | no public volume; included on intent/competition logic
altitude sickness ladakh tips,informational,IN,[P1] Packing / health / safety |  | no public volume; included on intent/competition logic
is kashmir safe for tourists,informational,IN,[P1] Packing / health / safety |  | no public volume; included on intent/competition logic
is bastar / naxal-area travel safe (out of scope — do not target),informational,IN,[P1] Packing / health / safety |  | no public volume; included on intent/competition logic
network connectivity in spiti valley,informational,IN,[P1] Packing / health / safety |  | no public volume; included on intent/competition logic
atm availability in ladakh,informational,IN,[P1] Packing / health / safety |  | no public volume; included on intent/competition logic
best shoes for kedarnath trek,informational,IN,[P1] Packing / health / safety |  | no public volume; included on intent/competition logic
onam 2027 date,informational,IN,[P1] Festivals & seasonal events |  | no public volume; included on intent/competition logic
durga puja 2027 date,informational,IN,[P1] Festivals & seasonal events |  | no public volume; included on intent/competition logic
losar festival ladakh date,informational,IN,[P1] Festivals & seasonal events |  | no public volume; included on intent/competition logic
tulip festival kashmir 2027 dates,informational,IN,[P1] Festivals & seasonal events |  | no public volume; included on intent/competition logic
rath yatra puri 2027 date,informational,IN,[P1] Festivals & seasonal events |  | no public volume; included on intent/competition logic
bihu festival assam dates,informational,IN,[P1] Festivals & seasonal events |  | no public volume; included on intent/competition logic
is kedarnath open now,informational,IN,"[P1] Live / freshness queries (high-value, low-competition) |  | no public volume; included on intent/competition logic"
is rohtang pass open today,informational,IN,"[P1] Live / freshness queries (high-value, low-competition) |  | no public volume; included on intent/competition logic"
snowfall in manali today,informational,IN,"[P1] Live / freshness queries (high-value, low-competition) |  | no public volume; included on intent/competition logic"
is amarnath yatra open,informational,IN,"[P1] Live / freshness queries (high-value, low-competition) |  | no public volume; included on intent/competition logic"
char dham yatra opening date,informational,IN,"[P1] Live / freshness queries (high-value, low-competition) |  | no public volume; included on intent/competition logic"
is gulmarg gondola open,informational,IN,"[P1] Live / freshness queries (high-value, low-competition) |  | no public volume; included on intent/competition logic"
road status manali to leh,informational,IN,"[P1] Live / freshness queries (high-value, low-competition) |  | no public volume; included on intent/competition logic"
is nathula pass open,informational,IN,"[P1] Live / freshness queries (high-value, low-competition) |  | no public volume; included on intent/competition logic"
famous food of kerala,informational,IN,"[P1] Food, culture, practical guides |  | no public volume; included on intent/competition logic"
kashmiri wazwan dishes,informational,IN,"[P2] Food, culture, practical guides |  | no public volume; included on intent/competition logic"
what to buy in jaipur,informational,IN,"[P1] Food, culture, practical guides |  | no public volume; included on intent/competition logic"
things to do in rishikesh besides rafting,informational,IN,"[P1] Food, culture, practical guides |  | no public volume; included on intent/competition logic"
places to visit in munnar,informational,IN,"[P1] Food, culture, practical guides |  | no public volume; included on intent/competition logic"
things to do in havelock,informational,IN,"[P1] Food, culture, practical guides |  | no public volume; included on intent/competition logic"
srinagar houseboat stay guide,informational,IN,"[P1] Food, culture, practical guides |  | no public volume; included on intent/competition logic"
hindi language tips for northeast travel,informational,IN,"[P1] Food, culture, practical guides |  | no public volume; included on intent/competition logic"
tipping culture in india travel,informational,IN,"[P1] Food, culture, practical guides |  | no public volume; included on intent/competition logic"
book kerala tour package online,transactional,IN,[P1] Direct booking |  | no public volume; included on intent/competition logic
kashmir tour package booking,transactional,IN,[P1] Direct booking |  | no public volume; included on intent/competition logic
andaman tour package booking,transactional,IN,[P1] Direct booking |  | no public volume; included on intent/competition logic
char dham yatra package booking,transactional,IN,[P1] Direct booking |  | no public volume; included on intent/competition logic
kaziranga safari booking,transactional,IN,[P1] Direct booking |  | no public volume; included on intent/competition logic
statue of unity ticket booking,transactional,IN,[P1] Direct booking |  | no public volume; included on intent/competition logic
best travel agency in india,transactional,IN,"[P1] Agency / near-me |  | reported vol 5,400/mo (mediasearchgroup, Google India, 2026 — source-reported, unverified)"
travel agency near me,transactional,IN,"[P1] Agency / near-me |  | reported vol 74,000/mo (mediasearchgroup, Google India, 2026 — source-reported, unverified)"
tours and travels near me,transactional,IN,"[P1] Agency / near-me |  | reported vol 49,500/mo (mediasearchgroup, Google India, 2026 — source-reported, unverified)"
travel agency in delhi,transactional,IN,"[P1] Agency / near-me |  | reported vol 14,800/mo (mediasearchgroup, Google India, 2026 — source-reported, unverified)"
travel agency in mumbai,transactional,IN,[P1] Agency / near-me |  | no public volume; included on intent/competition logic
travel agency in bangalore,transactional,IN,[P1] Agency / near-me |  | no public volume; included on intent/competition logic
travel agency in pune,transactional,IN,"[P1] Agency / near-me |  | reported vol 8,100/mo (mediasearchgroup, Google India, 2026 — source-reported, unverified)"
travel agency in ahmedabad,transactional,IN,"[P1] Agency / near-me |  | reported vol 6,600/mo (mediasearchgroup, Google India, 2026 — source-reported, unverified)"
travel agency in lucknow,transactional,IN,"[P1] Agency / near-me |  | reported vol 5,400/mo (mediasearchgroup, Google India, 2026 — source-reported, unverified)"
travel agency in dehradun,transactional,IN,[P1] Agency / near-me |  | no public volume; included on intent/competition logic
travel agency in chandigarh,transactional,IN,[P1] Agency / near-me |  | no public volume; included on intent/competition logic
travel agency in jaipur,transactional,IN,[P1] Agency / near-me |  | no public volume; included on intent/competition logic
kerala tour operators,transactional,IN,[P1] Agency / near-me |  | no public volume; included on intent/competition logic
kashmir tour operators,transactional,IN,[P1] Agency / near-me |  | no public volume; included on intent/competition logic
char dham yatra tour operators,transactional,IN,[P1] Agency / near-me |  | no public volume; included on intent/competition logic
ladakh tour operators,transactional,IN,[P1] Agency / near-me |  | no public volume; included on intent/competition logic
customised tour packages india,transactional,IN,[P1] Customised / group / flexible buying |  | no public volume; included on intent/competition logic
tailor made holiday packages india,transactional,IN,[P1] Customised / group / flexible buying |  | no public volume; included on intent/competition logic
personalised kerala tour package,transactional,IN,[P1] Customised / group / flexible buying |  | no public volume; included on intent/competition logic
group departures india,transactional,IN,[P1] Customised / group / flexible buying |  | no public volume; included on intent/competition logic
fixed departure tours india,transactional,IN,[P1] Customised / group / flexible buying |  | no public volume; included on intent/competition logic
last minute tour deals india,transactional,IN,[P1] Customised / group / flexible buying |  | no public volume; included on intent/competition logic
travel packages on emi india,transactional,IN,[P1] Customised / group / flexible buying |  | no public volume; included on intent/competition logic
book now pay later travel india,transactional,IN,[P1] Customised / group / flexible buying |  | no public volume; included on intent/competition logic
corporate travel desk services,transactional,IN,[P1] Customised / group / flexible buying |  | no public volume; included on intent/competition logic
hindi speaking tour guide,transactional,IN,[P1] Customised / group / flexible buying |  | no public volume; included on intent/competition logic
tempo traveller on rent per km,transactional,IN,[P1] Customised / group / flexible buying |  | no public volume; included on intent/competition logic
delhi to manali cab price,transactional,IN,[P1] Customised / group / flexible buying |  | no public volume; included on intent/competition logic
hotel cab package deals india,transactional,IN,[P1] Customised / group / flexible buying |  | no public volume; included on intent/competition logic
flight hotel tour packages india,transactional,IN,[P1] Customised / group / flexible buying |  | no public volume; included on intent/competition logic
travel insurance india,transactional,IN,[P1] Customised / group / flexible buying |  | no public volume; included on intent/competition logic
how many days are enough for kerala / kashmir / ladakh / andaman,informational,IN,[P1] Customised / group / flexible buying |  | no public volume; included on intent/competition logic
is [month] a good time to visit [destination],informational,IN,[P1] Customised / group / flexible buying |  | no public volume; included on intent/competition logic
can we visit [destination] in monsoon,informational,IN,[P1] Customised / group / flexible buying |  | no public volume; included on intent/competition logic
which route is best for kedarnath,informational,IN,[P1] Customised / group / flexible buying |  | no public volume; included on intent/competition logic
how difficult is kedarkantha trek for beginners,informational,IN,[P1] Customised / group / flexible buying |  | no public volume; included on intent/competition logic
kedarnath yatra kaise jaye (hinglish — emerging),informational,IN,[P1] Customised / group / flexible buying |  | no public volume; included on intent/competition logic
kashmir tour package price (hinglish query form),commercial,IN,[P1] Customised / group / flexible buying |  | no public volume; included on intent/competition logic
shimla manali kaise jaye delhi se (hinglish),informational,IN,[P1] Customised / group / flexible buying |  | no public volume; included on intent/competition logic
travel agency,transactional,IN,"[P2] reported vol 60,500/mo (mediasearchgroup, Google India, 2026 — source-reported, unverified)"
travel agent,transactional,IN,"[P2] reported vol 60,500/mo (mediasearchgroup, Google India, 2026 — source-reported, unverified)"
tour packages,commercial,IN,"[P2] reported vol 33,100/mo (mediasearchgroup, Google India, 2026 — source-reported, unverified)"
tour package,commercial,IN,"[P2] reported vol 33,100/mo (mediasearchgroup, Google India, 2026 — source-reported, unverified)"
travel agency delhi,transactional,IN,"[P2] reported vol 14,800/mo (mediasearchgroup, Google India, 2026 — source-reported, unverified)"
holiday packages,commercial,IN,"[P2] reported vol 9,900/mo (mediasearchgroup, Google India, 2026 — source-reported, unverified)"
international tour packages,commercial,IN,"[P2] reported vol 6,600/mo (mediasearchgroup, Google India, 2026 — source-reported, unverified)"
family vacation,transactional,IN,"[P2] reported vol 5,400/mo (mediasearchgroup, Google India, 2026 — source-reported, unverified)"
travel packages,commercial,IN,"[P2] reported vol 5,400/mo (mediasearchgroup, Google India, 2026 — source-reported, unverified)"
travel tourism,transactional,IN,"[P2] reported vol 1,300/mo (mediasearchgroup, Google India, 2026 — source-reported, unverified)"
group tour packages,commercial,IN,"[P2] reported vol 480/mo (mediasearchgroup, Google India, 2026 — source-reported, unverified)"
eco-tourism packages,commercial,IN,"[P2] reported vol 1,100/mo (mediasearchgroup, Google India, 2026 — source-reported, unverified)"
business event travel packages,commercial,IN,"[P2] reported vol 400/mo (mediasearchgroup, Google India, 2026 — source-reported, unverified)"
hotel honeymoon packages,commercial,IN,"[P2] reported vol 1,210/mo (mediasearchgroup, Google India, 2026 — source-reported, unverified)"
mice tourism,transactional,IN,"[P2] reported vol 9,900/mo (mediasearchgroup, Google India, 2026 — source-reported, unverified)"
